{
  "type": "FeatureCollection",
  "features": [
    {
      "type": "Feature",
      "geometry": {
        "type": "Polygon",
        "coordinates": [
          [
            [
              117.26537750000001,
              31.842927599999992
            ],
            [
              117.2652907,
              31.842887400000013
            ],
            [
              117.26524130000001,
              31.842964399999993
            ],
            [
              117.26548129999999,
              31.8430755
            ],
            [
              117.2658177,
              31.843088200000004
            ],
            [
              117.2660332,
              31.84306779999999
            ],
            [
              117.2661709,
              31.843054299999995
            ],
            [
              117.2663904,
              31.843066099999987
            ],
            [
              117.26639210000002,
              31.843018600000004
            ],
            [
              117.2664542,
              31.843018700000002
            ],
            [
              117.2664622,
              31.842827099999997
            ],
            [
              117.26626470000001,
              31.842822000000005
            ],
            [
              117.26626070000002,
              31.84285909999999
            ],
            [
              117.26620970000002,
              31.84285909999999
            ],
            [
              117.2662126,
              31.84282049999999
            ],
            [
              117.2660126,
              31.8428147
            ],
            [
              117.26601299999999,
              31.8428489
            ],
            [
              117.2659608,
              31.842848100000005
            ],
            [
              117.2659593,
              31.842813599999996
            ],
            [
              117.26575979999998,
              31.842806799999995
            ],
            [
              117.26575979999998,
              31.842844099999994
            ],
            [
              117.2657038,
              31.84284250000001
            ],
            [
              117.2657047,
              31.842806199999995
            ],
            [
              117.26550779999998,
              31.842802900000002
            ],
            [
              117.26550640000002,
              31.8428661
            ],
            [
              117.26537750000001,
              31.842927599999992
            ]
          ]
        ]
      },
      "properties": {
        "building_id": "way/265575547",
        "name": "第五教学楼",
        "height_m": 16.5,
        "height_source": "OSM levels times assumed floor height",
        "height_uncertainty_m": 2.5,
        "footprint_source": "https://www.openstreetmap.org/way/265575547",
        "coordinate_system_verified": false,
        "source_date": null,
        "osm_tags": {
          "building": "university",
          "building:levels": "5",
          "name": "第五教学楼",
          "name:zh": "第五教学楼",
          "name:zh-Hans": "第五教学楼",
          "name:zh-Hant": "第五教學樓",
          "operator": "中国科学技术大学",
          "smoking": "no",
          "wheelchair": "yes"
        },
        "simplification_note": "Topology-preserving 0.5 m tolerance; area change <= 2%; flat roof extrusion",
        "footprint_area_m2": 2812.021866397161,
        "outside_fraction": 0.0
      }
    },
    {
      "type": "Feature",
      "geometry": {
        "type": "Polygon",
        "coordinates": [
          [
            [
              117.2629795,
              31.8411951
            ],
            [
              117.2630855,
              31.841201200000004
            ],
            [
              117.26308739999999,
              31.841178199999995
            ],
            [
              117.2634638,
              31.841200000000004
            ],
            [
              117.2634625,
              31.841216399999993
            ],
            [
              117.2638047,
              31.841236199999994
            ],
            [
              117.2638061,
              31.841218900000005
            ],
            [
              117.2641802,
              31.841240399999993
            ],
            [
              117.2641785,
              31.841261000000003
            ],
            [
              117.26428299999999,
              31.84126689999999
            ],
            [
              117.2643216,
              31.840777699999997
            ],
            [
              117.26411200000001,
              31.8407657
            ],
            [
              117.26410329999999,
              31.840875799999992
            ],
            [
              117.264174,
              31.840879799999996
            ],
            [
              117.26415679999998,
              31.841097600000005
            ],
            [
              117.2638535,
              31.841080299999994
            ],
            [
              117.2638502,
              31.841121899999997
            ],
            [
              117.2638105,
              31.841119699999993
            ],
            [
              117.26381710000001,
              31.841036099999997
            ],
            [
              117.26372310000002,
              31.841030700000008
            ],
            [
              117.2637209,
              31.8410581
            ],
            [
              117.263581,
              31.841050099999993
            ],
            [
              117.2635834,
              31.841020699999994
            ],
            [
              117.26347350000002,
              31.8410144
            ],
            [
              117.2634674,
              31.841089999999994
            ],
            [
              117.2634395,
              31.841088399999997
            ],
            [
              117.2634423,
              31.841053200000005
            ],
            [
              117.2631371,
              31.8410354
            ],
            [
              117.26315370000002,
              31.840829300000006
            ],
            [
              117.2632268,
              31.84083349999999
            ],
            [
              117.2632358,
              31.840721799999994
            ],
            [
              117.2630186,
              31.840709200000003
            ],
            [
              117.2629795,
              31.8411951
            ]
          ]
        ]
      },
      "properties": {
        "building_id": "way/265575551",
        "name": "第一教学楼",
        "height_m": 13.2,
        "height_source": "OSM levels times assumed floor height",
        "height_uncertainty_m": 2.0,
        "footprint_source": "https://www.openstreetmap.org/way/265575551",
        "coordinate_system_verified": false,
        "source_date": null,
        "osm_tags": {
          "building": "yes",
          "building:levels": "4",
          "name": "第一教学楼",
          "name:zh": "第一教学楼",
          "name:zh-Hans": "第一教学楼",
          "name:zh-Hant": "第一教學樓",
          "operator": "中国科学技术大学",
          "ref": "201#",
          "smoking": "no",
          "wheelchair": "yes"
        },
        "simplification_note": "Topology-preserving 0.5 m tolerance; area change <= 2%; flat roof extrusion",
        "footprint_area_m2": 3280.1764479439717,
        "outside_fraction": 0.0
      }
    },
    {
      "type": "Feature",
      "geometry": {
        "type": "Polygon",
        "coordinates": [
          [
            [
              117.25996050000002,
              31.835226900000002
            ],
            [
              117.26004000000002,
              31.83581969999999
            ],
            [
              117.25983630000002,
              31.835839399999998
            ],
            [
              117.25976220000001,
              31.835340899999995
            ],
            [
              117.25978290000002,
              31.835281900000002
            ],
            [
              117.25985800000001,
              31.83523919999999
            ],
            [
              117.25996050000002,
              31.835226900000002
            ]
          ]
        ]
      },
      "properties": {
        "building_id": "way/266575692",
        "name": "",
        "height_m": 12.0,
        "height_source": "assumed default scenario, no measured height",
        "height_uncertainty_m": 6.0,
        "footprint_source": "https://www.openstreetmap.org/way/266575692",
        "coordinate_system_verified": false,
        "source_date": null,
        "osm_tags": {
          "building": "commercial",
          "operator": "中国科学技术大学",
          "smoking": "no",
          "wheelchair": "yes"
        },
        "simplification_note": "Topology-preserving 0.5 m tolerance; area change <= 2%; flat roof extrusion",
        "footprint_area_m2": 1271.2336118544806,
        "outside_fraction": 0.0
      }
    },
    {
      "type": "Feature",
      "geometry": {
        "type": "Polygon",
        "coordinates": [
          [
            [
              117.26522020000002,
              31.838316799999994
            ],
            [
              117.26514499999999,
              31.838312999999992
            ],
            [
              117.26513110000002,
              31.838510699999993
            ],
            [
              117.2651981,
              31.838514100000012
            ],
            [
              117.26518780000002,
              31.838659499999995
            ],
            [
              117.2657521,
              31.838688500000004
            ],
            [
              117.2657841,
              31.8382375
            ],
            [
              117.2652278,
              31.838209000000003
            ],
            [
              117.26522020000002,
              31.838316799999994
            ]
          ]
        ]
      },
      "properties": {
        "building_id": "way/267624861",
        "name": "东区学生活动中心",
        "height_m": 19.799999999999997,
        "height_source": "OSM levels times assumed floor height",
        "height_uncertainty_m": 3.0,
        "footprint_source": "https://www.openstreetmap.org/way/267624861",
        "coordinate_system_verified": false,
        "source_date": null,
        "osm_tags": {
          "building": "yes",
          "building:levels": "6",
          "name": "东区学生活动中心",
          "name:zh": "东区学生活动中心",
          "name:zh-Hans": "东区学生活动中心",
          "name:zh-Hant": "東區學生活動中心",
          "operator": "中国科学技术大学",
          "smoking": "no",
          "wheelchair": "yes"
        },
        "simplification_note": "Topology-preserving 0.5 m tolerance; area change <= 2%; flat roof extrusion",
        "footprint_area_m2": 2809.1117426590467,
        "outside_fraction": 0.0
      }
    },
    {
      "type": "Feature",
      "geometry": {
        "type": "Polygon",
        "coordinates": [
          [
            [
              117.2609228,
              31.839003899999998
            ],
            [
              117.2608565,
              31.838997299999996
            ],
            [
              117.2608896,
              31.838539300000004
            ],
            [
              117.26083179999999,
              31.838536299999998
            ],
            [
              117.2608481,
              31.8383103
            ],
            [
              117.2609132,
              31.838313699999997
            ],
            [
              117.2609474,
              31.837840500000002
            ],
            [
              117.2610113,
              31.837839499999998
            ],
            [
              117.2609228,
              31.839003899999998
            ]
          ]
        ]
      },
      "properties": {
        "building_id": "way/267624862",
        "name": "",
        "height_m": 12.0,
        "height_source": "assumed default scenario, no measured height",
        "height_uncertainty_m": 6.0,
        "footprint_source": "https://www.openstreetmap.org/way/267624862",
        "coordinate_system_verified": false,
        "source_date": null,
        "osm_tags": {
          "building": "grandstand",
          "leisure": "bleachers"
        },
        "simplification_note": "Topology-preserving 0.5 m tolerance; area change <= 2%; flat roof extrusion",
        "footprint_area_m2": 940.664590317805,
        "outside_fraction": 0.0
      }
    },
    {
      "type": "Feature",
      "geometry": {
        "type": "Polygon",
        "coordinates": [
          [
            [
              117.26202209999998,
              31.838977099999997
            ],
            [
              117.2628448,
              31.839026499999996
            ],
            [
              117.26285759999999,
              31.838873
            ],
            [
              117.2627212,
              31.8388648
            ],
            [
              117.2627203,
              31.838875199999997
            ],
            [
              117.26217860000001,
              31.838842700000004
            ],
            [
              117.2621799,
              31.838826799999996
            ],
            [
              117.2620354,
              31.838818100000005
            ],
            [
              117.26202209999998,
              31.838977099999997
            ]
          ]
        ]
      },
      "properties": {
        "building_id": "way/267624863",
        "name": "320#",
        "height_m": 12.0,
        "height_source": "assumed default scenario, no measured height",
        "height_uncertainty_m": 6.0,
        "footprint_source": "https://www.openstreetmap.org/way/267624863",
        "coordinate_system_verified": false,
        "source_date": null,
        "osm_tags": {
          "building": "yes",
          "name": "320#",
          "name:en": "320#",
          "name:zh": "320#",
          "operator": "中国科学技术大学",
          "smoking": "no",
          "wheelchair": "yes"
        },
        "simplification_note": "Topology-preserving 0.5 m tolerance; area change <= 2%; flat roof extrusion",
        "footprint_area_m2": 1280.0046660099263,
        "outside_fraction": 0.0
      }
    },
    {
      "type": "Feature",
      "geometry": {
        "type": "Polygon",
        "coordinates": [
          [
            [
              117.2620438,
              31.838581000000005
            ],
            [
              117.26205440000001,
              31.838454700000007
            ],
            [
              117.26244390000001,
              31.8384783
            ],
            [
              117.2624538,
              31.838464399999992
            ],
            [
              117.2624916,
              31.83846579999999
            ],
            [
              117.26249820000001,
              31.8384811
            ],
            [
              117.26287940000002,
              31.8385029
            ],
            [
              117.2628694,
              31.838628299999993
            ],
            [
              117.26269020000001,
              31.8386181
            ],
            [
              117.2626919,
              31.8385956
            ],
            [
              117.26252670000001,
              31.838586199999995
            ],
            [
              117.2625117,
              31.83860180000001
            ],
            [
              117.26240780000002,
              31.838592799999986
            ],
            [
              117.2623954,
              31.83857750000001
            ],
            [
              117.2622237,
              31.83856709999999
            ],
            [
              117.2622217,
              31.838591799999996
            ],
            [
              117.2620438,
              31.838581000000005
            ]
          ]
        ]
      },
      "properties": {
        "building_id": "way/267624864",
        "name": "321#",
        "height_m": 12.0,
        "height_source": "assumed default scenario, no measured height",
        "height_uncertainty_m": 6.0,
        "footprint_source": "https://www.openstreetmap.org/way/267624864",
        "coordinate_system_verified": false,
        "source_date": null,
        "osm_tags": {
          "building": "yes",
          "name": "321#",
          "name:en": "321#",
          "name:zh": "321#",
          "operator": "中国科学技术大学",
          "smoking": "no",
          "wheelchair": "yes"
        },
        "simplification_note": "Topology-preserving 0.5 m tolerance; area change <= 2%; flat roof extrusion",
        "footprint_area_m2": 1004.4626809712826,
        "outside_fraction": 0.0
      }
    },
    {
      "type": "Feature",
      "geometry": {
        "type": "Polygon",
        "coordinates": [
          [
            [
              117.2621065,
              31.83823150000001
            ],
            [
              117.2622691,
              31.838239899999994
            ],
            [
              117.26227049999999,
              31.838219799999994
            ],
            [
              117.2627374,
              31.838243799999994
            ],
            [
              117.2627363,
              31.8382595
            ],
            [
              117.26277780000001,
              31.838261599999992
            ],
            [
              117.2628953,
              31.838267499999997
            ],
            [
              117.2629034,
              31.838150999999996
            ],
            [
              117.26257019999998,
              31.8381342
            ],
            [
              117.2625625,
              31.8381238
            ],
            [
              117.2624633,
              31.838119899999995
            ],
            [
              117.2624526,
              31.838128999999984
            ],
            [
              117.2621152,
              31.838111400000003
            ],
            [
              117.2621065,
              31.83823150000001
            ]
          ]
        ]
      },
      "properties": {
        "building_id": "way/267624865",
        "name": "322#",
        "height_m": 12.0,
        "height_source": "assumed default scenario, no measured height",
        "height_uncertainty_m": 6.0,
        "footprint_source": "https://www.openstreetmap.org/way/267624865",
        "coordinate_system_verified": false,
        "source_date": null,
        "osm_tags": {
          "building": "yes",
          "name": "322#",
          "name:en": "322#",
          "name:zh": "322#",
          "operator": "中国科学技术大学",
          "smoking": "no",
          "wheelchair": "yes"
        },
        "simplification_note": "Topology-preserving 0.5 m tolerance; area change <= 2%; flat roof extrusion",
        "footprint_area_m2": 904.2222743604898,
        "outside_fraction": 0.0
      }
    },
    {
      "type": "Feature",
      "geometry": {
        "type": "Polygon",
        "coordinates": [
          [
            [
              117.26210390000001,
              31.8379208
            ],
            [
              117.26228369999998,
              31.837929799999998
            ],
            [
              117.2622854,
              31.837906399999998
            ],
            [
              117.2624572,
              31.83791499999999
            ],
            [
              117.26246640000001,
              31.837930599999993
            ],
            [
              117.2625763,
              31.837935800000004
            ],
            [
              117.26258999999999,
              31.83792279999999
            ],
            [
              117.2627569,
              31.83793
            ],
            [
              117.2627556,
              31.837952300000005
            ],
            [
              117.26292629999999,
              31.8379596
            ],
            [
              117.26293349999999,
              31.8378379
            ],
            [
              117.26255490000001,
              31.8378217
            ],
            [
              117.2625457,
              31.837800899999994
            ],
            [
              117.26250599999999,
              31.837799600000004
            ],
            [
              117.2624923,
              31.837815199999998
            ],
            [
              117.2621126,
              31.837796099999988
            ],
            [
              117.26210390000001,
              31.8379208
            ]
          ]
        ]
      },
      "properties": {
        "building_id": "way/267624866",
        "name": "323#",
        "height_m": 12.0,
        "height_source": "assumed default scenario, no measured height",
        "height_uncertainty_m": 6.0,
        "footprint_source": "https://www.openstreetmap.org/way/267624866",
        "coordinate_system_verified": false,
        "source_date": null,
        "osm_tags": {
          "building": "yes",
          "name": "323#",
          "name:en": "323#",
          "name:zh": "323#",
          "operator": "中国科学技术大学",
          "smoking": "no",
          "wheelchair": "yes"
        },
        "simplification_note": "Topology-preserving 0.5 m tolerance; area change <= 2%; flat roof extrusion",
        "footprint_area_m2": 979.3709695652724,
        "outside_fraction": 0.0
      }
    },
    {
      "type": "Feature",
      "geometry": {
        "type": "Polygon",
        "coordinates": [
          [
            [
              117.2632133,
              31.8428201
            ],
            [
              117.2633183,
              31.842765599999996
            ],
            [
              117.26333670000001,
              31.842756000000005
            ],
            [
              117.26328990000002,
              31.842690900000004
            ],
            [
              117.263266,
              31.842703299999993
            ],
            [
              117.26309240000002,
              31.84246209999999
            ],
            [
              117.2631245,
              31.842445499999993
            ],
            [
              117.2630618,
              31.842358199999985
            ],
            [
              117.2630293,
              31.842375099999998
            ],
            [
              117.26281619999999,
              31.842078799999996
            ],
            [
              117.2628512,
              31.842060600000007
            ],
            [
              117.2627992,
              31.8419883
            ],
            [
              117.26276039999999,
              31.842008499999995
            ],
            [
              117.2625412,
              31.841703900000006
            ],
            [
              117.26244569999999,
              31.841753499999992
            ],
            [
              117.2632133,
              31.8428201
            ]
          ]
        ]
      },
      "properties": {
        "building_id": "way/267646978",
        "name": "高科技广场（北区）",
        "height_m": 12.0,
        "height_source": "assumed default scenario, no measured height",
        "height_uncertainty_m": 6.0,
        "footprint_source": "https://www.openstreetmap.org/way/267646978",
        "coordinate_system_verified": false,
        "source_date": null,
        "osm_tags": {
          "building": "commercial",
          "name": "高科技广场（北区）",
          "name:zh": "高科技广场（北区）",
          "name:zh-Hans": "高科技广场（北区）",
          "name:zh-Hant": "高科技廣場（北區）",
          "operator": "中国科学技术大学",
          "smoking": "no",
          "wheelchair": "yes"
        },
        "simplification_note": "Topology-preserving 0.5 m tolerance; area change <= 2%; flat roof extrusion",
        "footprint_area_m2": 1609.5571127376138,
        "outside_fraction": 0.0
      }
    },
    {
      "type": "Feature",
      "geometry": {
        "type": "Polygon",
        "coordinates": [
          [
            [
              117.26668929999998,
              31.842809499999994
            ],
            [
              117.26736070000001,
              31.8428213
            ],
            [
              117.2673587,
              31.8429051
            ],
            [
              117.2673875,
              31.8429056
            ],
            [
              117.2673782,
              31.843276100000004
            ],
            [
              117.2673457,
              31.843359699999993
            ],
            [
              117.2671193,
              31.8432961
            ],
            [
              117.26714490000002,
              31.843230499999997
            ],
            [
              117.267149,
              31.843051599999995
            ],
            [
              117.26670990000001,
              31.8430443
            ],
            [
              117.26671190000002,
              31.842960599999998
            ],
            [
              117.26668560000002,
              31.842960100000006
            ],
            [
              117.26668929999998,
              31.842809499999994
            ]
          ]
        ]
      },
      "properties": {
        "building_id": "way/267646979",
        "name": "科研楼",
        "height_m": 12.0,
        "height_source": "assumed default scenario, no measured height",
        "height_uncertainty_m": 6.0,
        "footprint_source": "https://www.openstreetmap.org/way/267646979",
        "coordinate_system_verified": false,
        "source_date": null,
        "osm_tags": {
          "building": "university",
          "name": "科研楼",
          "name:zh": "科研楼",
          "name:zh-Hans": "科研楼",
          "name:zh-Hant": "科研樓",
          "operator": "中国科学技术大学",
          "smoking": "no",
          "wheelchair": "yes"
        },
        "simplification_note": "Topology-preserving 0.5 m tolerance; area change <= 2%; flat roof extrusion",
        "footprint_area_m2": 2358.823481022406,
        "outside_fraction": 0.0
      }
    },
    {
      "type": "Feature",
      "geometry": {
        "type": "Polygon",
        "coordinates": [
          [
            [
              117.2649139,
              31.840541999999992
            ],
            [
              117.2649152,
              31.840512699999998
            ],
            [
              117.26496529999999,
              31.84051420000001
            ],
            [
              117.26497520000001,
              31.84028800000001
            ],
            [
              117.26483180000001,
              31.8402834
            ],
            [
              117.264831,
              31.8402997
            ],
            [
              117.26483020000002,
              31.840320999999996
            ],
            [
              117.26463650000001,
              31.840314999999997
            ],
            [
              117.26462899999999,
              31.8404838
            ],
            [
              117.2648123,
              31.840489600000005
            ],
            [
              117.26481010000002,
              31.840538799999997
            ],
            [
              117.2649139,
              31.840541999999992
            ]
          ]
        ]
      },
      "properties": {
        "building_id": "way/267646980",
        "name": "水上报告厅",
        "height_m": 12.0,
        "height_source": "assumed default scenario, no measured height",
        "height_uncertainty_m": 6.0,
        "footprint_source": "https://www.openstreetmap.org/way/267646980",
        "coordinate_system_verified": false,
        "source_date": null,
        "osm_tags": {
          "building": "yes",
          "name": "水上报告厅",
          "name:zh": "水上报告厅",
          "name:zh-Hans": "水上报告厅",
          "name:zh-Hant": "水上報告廳",
          "operator": "中国科学技术大学",
          "ref": "203#",
          "smoking": "no",
          "wheelchair": "yes"
        },
        "simplification_note": "Topology-preserving 0.5 m tolerance; area change <= 2%; flat roof extrusion",
        "footprint_area_m2": 718.5268582587616,
        "outside_fraction": 0.0
      }
    },
    {
      "type": "Feature",
      "geometry": {
        "type": "Polygon",
        "coordinates": [
          [
            [
              117.26311770000001,
              31.8404383
            ],
            [
              117.26311860000001,
              31.840518899999996
            ],
            [
              117.26331780000001,
              31.840517400000003
            ],
            [
              117.263317,
              31.840436800000006
            ],
            [
              117.26311770000001,
              31.8404383
            ]
          ]
        ]
      },
      "properties": {
        "building_id": "way/268207470",
        "name": "USTC1958（东区）",
        "height_m": 12.0,
        "height_source": "assumed default scenario, no measured height",
        "height_uncertainty_m": 6.0,
        "footprint_source": "https://www.openstreetmap.org/way/268207470",
        "coordinate_system_verified": false,
        "source_date": null,
        "osm_tags": {
          "air_conditioning": "yes",
          "amenity": "cafe",
          "building": "yes",
          "name": "USTC1958（东区）",
          "name:zh": "USTC1958（东区）",
          "name:zh-Hans": "USTC1958（东区）",
          "name:zh-Hant": "USTC1958（東區）",
          "outdoor_seating": "yes",
          "smoking": "no",
          "wheelchair": "yes"
        },
        "simplification_note": "Topology-preserving 0.5 m tolerance; area change <= 2%; flat roof extrusion",
        "footprint_area_m2": 168.4402346283299,
        "outside_fraction": 0.0
      }
    },
    {
      "type": "Feature",
      "geometry": {
        "type": "Polygon",
        "coordinates": [
          [
            [
              117.26105350000002,
              31.839667099999996
            ],
            [
              117.26113910000001,
              31.839620399999994
            ],
            [
              117.26095519999998,
              31.839265599999997
            ],
            [
              117.260996,
              31.839249799999987
            ],
            [
              117.26094970000001,
              31.839155400000006
            ],
            [
              117.260911,
              31.839164299999993
            ],
            [
              117.26082790000001,
              31.8389797
            ],
            [
              117.260852,
              31.8389683
            ],
            [
              117.2608091,
              31.838861199999986
            ],
            [
              117.26077549999998,
              31.838870400000005
            ],
            [
              117.26075140000002,
              31.838815299999993
            ],
            [
              117.2607903,
              31.838804300000003
            ],
            [
              117.2607501,
              31.838699399999996
            ],
            [
              117.26071060000001,
              31.838709800000004
            ],
            [
              117.2605772,
              31.838376
            ],
            [
              117.26046970000002,
              31.838418499999996
            ],
            [
              117.260655,
              31.838865699999992
            ],
            [
              117.26084029999998,
              31.839278200000003
            ],
            [
              117.26105350000002,
              31.839667099999996
            ]
          ]
        ]
      },
      "properties": {
        "building_id": "way/268836823",
        "name": "高科技广场（南区）",
        "height_m": 12.0,
        "height_source": "assumed default scenario, no measured height",
        "height_uncertainty_m": 6.0,
        "footprint_source": "https://www.openstreetmap.org/way/268836823",
        "coordinate_system_verified": false,
        "source_date": null,
        "osm_tags": {
          "building": "yes",
          "name": "高科技广场（南区）",
          "name:zh": "高科技广场（南区）",
          "name:zh-Hans": "高科技广场（南区）",
          "name:zh-Hant": "高科技廣場（南區）",
          "operator": "中国科学技术大学",
          "smoking": "no",
          "wheelchair": "yes"
        },
        "simplification_note": "Topology-preserving 0.5 m tolerance; area change <= 2%; flat roof extrusion",
        "footprint_area_m2": 1696.1846813437662,
        "outside_fraction": 0.0
      }
    },
    {
      "type": "Feature",
      "geometry": {
        "type": "Polygon",
        "coordinates": [
          [
            [
              117.26044929999999,
              31.838390400000005
            ],
            [
              117.26055310000001,
              31.83835729999999
            ],
            [
              117.260453,
              31.8380534
            ],
            [
              117.2604938,
              31.838044
            ],
            [
              117.2604586,
              31.837932200000004
            ],
            [
              117.26041780000001,
              31.8379432
            ],
            [
              117.26032149999999,
              31.83763589999999
            ],
            [
              117.2602881,
              31.837529199999995
            ],
            [
              117.26031400000001,
              31.837522899999996
            ],
            [
              117.2602881,
              31.837411099999994
            ],
            [
              117.2603381,
              31.837389000000005
            ],
            [
              117.26034919999998,
              31.837230000000005
            ],
            [
              117.26028430000001,
              31.837225300000004
            ],
            [
              117.2602862,
              31.837089900000002
            ],
            [
              117.26016759999999,
              31.837077299999997
            ],
            [
              117.2600675,
              31.837092999999992
            ],
            [
              117.2602658,
              31.837858200000003
            ],
            [
              117.2603288,
              31.838064500000005
            ],
            [
              117.26044929999999,
              31.838390400000005
            ]
          ]
        ]
      },
      "properties": {
        "building_id": "way/268836824",
        "name": "高科技广场（南区）",
        "height_m": 12.0,
        "height_source": "assumed default scenario, no measured height",
        "height_uncertainty_m": 6.0,
        "footprint_source": "https://www.openstreetmap.org/way/268836824",
        "coordinate_system_verified": false,
        "source_date": null,
        "osm_tags": {
          "building": "yes",
          "name": "高科技广场（南区）",
          "name:zh": "高科技广场（南区）",
          "name:zh-Hans": "高科技广场（南区）",
          "name:zh-Hant": "高科技廣場（南區）",
          "operator": "中国科学技术大学",
          "smoking": "no",
          "wheelchair": "yes"
        },
        "simplification_note": "Topology-preserving 0.5 m tolerance; area change <= 2%; flat roof extrusion",
        "footprint_area_m2": 2003.6738622038838,
        "outside_fraction": 0.0
      }
    },
    {
      "type": "Feature",
      "geometry": {
        "type": "Polygon",
        "coordinates": [
          [
            [
              117.2638982,
              31.837334600000002
            ],
            [
              117.26319180000002,
              31.837300499999998
            ],
            [
              117.26320130000002,
              31.83715879999999
            ],
            [
              117.2638796,
              31.837191499999985
            ],
            [
              117.2638766,
              31.837236300000004
            ],
            [
              117.26390470000001,
              31.837237699999992
            ],
            [
              117.2638982,
              31.837334600000002
            ]
          ]
        ]
      },
      "properties": {
        "building_id": "way/270048432",
        "name": "",
        "height_m": 19.799999999999997,
        "height_source": "OSM levels times assumed floor height",
        "height_uncertainty_m": 3.0,
        "footprint_source": "https://www.openstreetmap.org/way/270048432",
        "coordinate_system_verified": false,
        "source_date": null,
        "osm_tags": {
          "building": "dormitory",
          "building:levels": "6",
          "ref": "229#"
        },
        "simplification_note": "Topology-preserving 0.5 m tolerance; area change <= 2%; flat roof extrusion",
        "footprint_area_m2": 1040.1312051796301,
        "outside_fraction": 0.0
      }
    },
    {
      "type": "Feature",
      "geometry": {
        "type": "Polygon",
        "coordinates": [
          [
            [
              117.2642697,
              31.837469200000005
            ],
            [
              117.26439040000001,
              31.837477600000003
            ],
            [
              117.26439709999998,
              31.83740879999999
            ],
            [
              117.26437330000002,
              31.837407099999997
            ],
            [
              117.2643752,
              31.83738719999999
            ],
            [
              117.26464370000001,
              31.8374058
            ],
            [
              117.264642,
              31.837422699999998
            ],
            [
              117.26461809999999,
              31.8374211
            ],
            [
              117.2646117,
              31.837488399999998
            ],
            [
              117.2647283,
              31.837496500000004
            ],
            [
              117.26473459999998,
              31.8374307
            ],
            [
              117.26472139999998,
              31.8374298
            ],
            [
              117.26472310000001,
              31.837411899999996
            ],
            [
              117.264861,
              31.837421399999997
            ],
            [
              117.2648715,
              31.837312299999997
            ],
            [
              117.2645787,
              31.837292099999996
            ],
            [
              117.2645799,
              31.83728
            ],
            [
              117.26445979999998,
              31.8372716
            ],
            [
              117.26445870000002,
              31.837282800000008
            ],
            [
              117.264152,
              31.837261500000004
            ],
            [
              117.26414109999999,
              31.837374000000008
            ],
            [
              117.2642982,
              31.837384900000004
            ],
            [
              117.26429659999998,
              31.837401399999987
            ],
            [
              117.26427640000001,
              31.837399999999985
            ],
            [
              117.2642697,
              31.837469200000005
            ]
          ]
        ]
      },
      "properties": {
        "building_id": "way/270048433",
        "name": "",
        "height_m": 12.0,
        "height_source": "assumed default scenario, no measured height",
        "height_uncertainty_m": 6.0,
        "footprint_source": "https://www.openstreetmap.org/way/270048433",
        "coordinate_system_verified": false,
        "source_date": null,
        "osm_tags": {
          "building": "dormitory",
          "operator": "中国科学技术大学",
          "ref": "221#",
          "smoking": "no",
          "wheelchair": "yes"
        },
        "simplification_note": "Topology-preserving 0.5 m tolerance; area change <= 2%; flat roof extrusion",
        "footprint_area_m2": 1049.5982246068415,
        "outside_fraction": 0.0
      }
    },
    {
      "type": "Feature",
      "geometry": {
        "type": "Polygon",
        "coordinates": [
          [
            [
              117.2650975,
              31.837101099999995
            ],
            [
              117.2651097,
              31.8369715
            ],
            [
              117.265635,
              31.837007299999996
            ],
            [
              117.2656228,
              31.837136800000003
            ],
            [
              117.2650975,
              31.837101099999995
            ]
          ]
        ]
      },
      "properties": {
        "building_id": "way/270048434",
        "name": "",
        "height_m": 12.0,
        "height_source": "assumed default scenario, no measured height",
        "height_uncertainty_m": 6.0,
        "footprint_source": "https://www.openstreetmap.org/way/270048434",
        "coordinate_system_verified": false,
        "source_date": null,
        "osm_tags": {
          "building": "yes",
          "operator": "中国科学技术大学",
          "ref": "216#",
          "smoking": "no",
          "wheelchair": "yes"
        },
        "simplification_note": "Topology-preserving 0.5 m tolerance; area change <= 2%; flat roof extrusion",
        "footprint_area_m2": 718.3121871944219,
        "outside_fraction": 0.0
      }
    },
    {
      "type": "Feature",
      "geometry": {
        "type": "Polygon",
        "coordinates": [
          [
            [
              117.26121559999999,
              31.8398132
            ],
            [
              117.2617258,
              31.839844199999987
            ],
            [
              117.26173610000001,
              31.83972289999999
            ],
            [
              117.26136730000002,
              31.839700499999996
            ],
            [
              117.261372,
              31.8396439
            ],
            [
              117.26139620000001,
              31.839645300000008
            ],
            [
              117.26141230000002,
              31.8394881
            ],
            [
              117.2611655,
              31.839472199999992
            ],
            [
              117.2611521,
              31.839643099999996
            ],
            [
              117.26117230000001,
              31.8396442
            ],
            [
              117.26116690000002,
              31.839697799999996
            ],
            [
              117.26122190000001,
              31.839702299999995
            ],
            [
              117.26121559999999,
              31.8398132
            ]
          ]
        ]
      },
      "properties": {
        "building_id": "way/270334645",
        "name": "物理楼",
        "height_m": 12.0,
        "height_source": "assumed default scenario, no measured height",
        "height_uncertainty_m": 6.0,
        "footprint_source": "https://www.openstreetmap.org/way/270334645",
        "coordinate_system_verified": false,
        "source_date": null,
        "osm_tags": {
          "building": "yes",
          "name": "物理楼",
          "name:zh": "物理楼",
          "name:zh-Hans": "物理楼",
          "name:zh-Hant": "物理樓",
          "operator": "中国科学技术大学",
          "smoking": "no",
          "wheelchair": "yes"
        },
        "simplification_note": "Topology-preserving 0.5 m tolerance; area change <= 2%; flat roof extrusion",
        "footprint_area_m2": 1189.4623262885507,
        "outside_fraction": 0.0
      }
    },
    {
      "type": "Feature",
      "geometry": {
        "type": "Polygon",
        "coordinates": [
          [
            [
              117.2614521,
              31.83961349999999
            ],
            [
              117.2615826,
              31.839627800000002
            ],
            [
              117.2616055,
              31.839477
            ],
            [
              117.26147500000002,
              31.83946269999999
            ],
            [
              117.2614521,
              31.83961349999999
            ]
          ]
        ]
      },
      "properties": {
        "building_id": "way/270334647",
        "name": "陶瓷艺术中心",
        "height_m": 12.0,
        "height_source": "assumed default scenario, no measured height",
        "height_uncertainty_m": 6.0,
        "footprint_source": "https://www.openstreetmap.org/way/270334647",
        "coordinate_system_verified": false,
        "source_date": null,
        "osm_tags": {
          "building": "yes",
          "name": "陶瓷艺术中心",
          "name:zh": "陶瓷艺术中心",
          "name:zh-Hans": "陶瓷艺术中心",
          "name:zh-Hant": "陶瓷藝術中心",
          "operator": "中国科学技术大学",
          "smoking": "no",
          "wheelchair": "yes"
        },
        "simplification_note": "Topology-preserving 0.5 m tolerance; area change <= 2%; flat roof extrusion",
        "footprint_area_m2": 209.82699352219709,
        "outside_fraction": 0.0
      }
    },
    {
      "type": "Feature",
      "geometry": {
        "type": "Polygon",
        "coordinates": [
          [
            [
              117.2629951,
              31.8371618
            ],
            [
              117.2630224,
              31.8368484
            ],
            [
              117.2626609,
              31.8368257
            ],
            [
              117.26264970000001,
              31.836953699999995
            ],
            [
              117.26279750000002,
              31.836963000000004
            ],
            [
              117.2627813,
              31.83714840000001
            ],
            [
              117.2629951,
              31.8371618
            ]
          ]
        ]
      },
      "properties": {
        "building_id": "way/270334648",
        "name": "学生服务中心",
        "height_m": 12.0,
        "height_source": "assumed default scenario, no measured height",
        "height_uncertainty_m": 6.0,
        "footprint_source": "https://www.openstreetmap.org/way/270334648",
        "coordinate_system_verified": false,
        "source_date": null,
        "osm_tags": {
          "building": "yes",
          "name": "学生服务中心",
          "name:zh": "学生服务中心",
          "name:zh-Hans": "学生服务中心",
          "name:zh-Hant": "學生服務中心",
          "operator": "中国科学技术大学",
          "smoking": "no",
          "wheelchair": "yes"
        },
        "simplification_note": "Topology-preserving 0.5 m tolerance; area change <= 2%; flat roof extrusion",
        "footprint_area_m2": 905.9896824766275,
        "outside_fraction": 0.0
      }
    },
    {
      "type": "Feature",
      "geometry": {
        "type": "Polygon",
        "coordinates": [
          [
            [
              117.26257019999998,
              31.837680699999996
            ],
            [
              117.2629307,
              31.83770399999999
            ],
            [
              117.26295060000001,
              31.83748089999999
            ],
            [
              117.2625577,
              31.83745559999999
            ],
            [
              117.26255120000002,
              31.837528399999993
            ],
            [
              117.2625836,
              31.837530499999993
            ],
            [
              117.26257019999998,
              31.837680699999996
            ]
          ]
        ]
      },
      "properties": {
        "building_id": "way/270334649",
        "name": "国际学院（国际合作与交流部）",
        "height_m": 12.0,
        "height_source": "assumed default scenario, no measured height",
        "height_uncertainty_m": 6.0,
        "footprint_source": "https://www.openstreetmap.org/way/270334649",
        "coordinate_system_verified": false,
        "source_date": null,
        "osm_tags": {
          "building": "university",
          "name": "国际学院（国际合作与交流部）",
          "name:zh": "国际学院（国际合作与交流部）",
          "name:zh-Hans": "国际学院（国际合作与交流部）",
          "name:zh-Hant": "國際學院（國際合作與交流部）",
          "operator": "中国科学技术大学",
          "smoking": "no",
          "wheelchair": "yes"
        },
        "simplification_note": "Topology-preserving 0.5 m tolerance; area change <= 2%; flat roof extrusion",
        "footprint_area_m2": 873.0985426145901,
        "outside_fraction": 0.0
      }
    },
    {
      "type": "Feature",
      "geometry": {
        "type": "Polygon",
        "coordinates": [
          [
            [
              117.26571149999998,
              31.843375200000004
            ],
            [
              117.2657164,
              31.843269799999998
            ],
            [
              117.26564150000002,
              31.8432673
            ],
            [
              117.26564420000001,
              31.843209500000004
            ],
            [
              117.2653512,
              31.8431997
            ],
            [
              117.2651604,
              31.84322759999999
            ],
            [
              117.2648616,
              31.8431333
            ],
            [
              117.26483290000002,
              31.843199000000002
            ],
            [
              117.26485180000002,
              31.843204999999994
            ],
            [
              117.26483860000002,
              31.8432352
            ],
            [
              117.26485879999998,
              31.843241500000005
            ],
            [
              117.26485390000002,
              31.843346499999992
            ],
            [
              117.26571149999998,
              31.843375200000004
            ]
          ]
        ]
      },
      "properties": {
        "building_id": "way/270537512",
        "name": "教学行政楼",
        "height_m": 12.0,
        "height_source": "assumed default scenario, no measured height",
        "height_uncertainty_m": 6.0,
        "footprint_source": "https://www.openstreetmap.org/way/270537512",
        "coordinate_system_verified": false,
        "source_date": null,
        "osm_tags": {
          "building": "yes",
          "name": "教学行政楼",
          "name:zh": "教学行政楼",
          "name:zh-Hans": "教学行政楼",
          "name:zh-Hant": "教學行政樓",
          "operator": "中国科学技术大学",
          "smoking": "no",
          "wheelchair": "yes"
        },
        "simplification_note": "Topology-preserving 0.5 m tolerance; area change <= 2%; flat roof extrusion",
        "footprint_area_m2": 1431.1251902881215,
        "outside_fraction": 0.0
      }
    },
    {
      "type": "Feature",
      "geometry": {
        "type": "Polygon",
        "coordinates": [
          [
            [
              117.26698410000002,
              31.843323299999994
            ],
            [
              117.26694270000002,
              31.843323299999994
            ],
            [
              117.26694630000001,
              31.843252900000007
            ],
            [
              117.266903,
              31.843251299999995
            ],
            [
              117.2668832,
              31.843240600000005
            ],
            [
              117.266611,
              31.843231400000004
            ],
            [
              117.2664451,
              31.843206899999995
            ],
            [
              117.26612970000001,
              31.843237500000008
            ],
            [
              117.2661337,
              31.84326050000001
            ],
            [
              117.26613869999998,
              31.8432896
            ],
            [
              117.26616569999999,
              31.843291099999995
            ],
            [
              117.26616929999999,
              31.843387599999993
            ],
            [
              117.2669823,
              31.843412099999995
            ],
            [
              117.26698410000002,
              31.843323299999994
            ]
          ]
        ]
      },
      "properties": {
        "building_id": "way/270537513",
        "name": "管理科学教学科研楼",
        "height_m": 12.0,
        "height_source": "assumed default scenario, no measured height",
        "height_uncertainty_m": 6.0,
        "footprint_source": "https://www.openstreetmap.org/way/270537513",
        "coordinate_system_verified": false,
        "source_date": null,
        "osm_tags": {
          "building": "yes",
          "name": "管理科学教学科研楼",
          "name:zh": "管理科学教学科研楼",
          "name:zh-Hans": "管理科学教学科研楼",
          "name:zh-Hant": "管理科學教學科研樓",
          "operator": "中国科学技术大学",
          "smoking": "no",
          "wheelchair": "yes"
        },
        "simplification_note": "Topology-preserving 0.5 m tolerance; area change <= 2%; flat roof extrusion",
        "footprint_area_m2": 1451.0412654108113,
        "outside_fraction": 0.0
      }
    },
    {
      "type": "Feature",
      "geometry": {
        "type": "Polygon",
        "coordinates": [
          [
            [
              117.2661337,
              31.84326050000001
            ],
            [
              117.266099,
              31.843260500000003
            ],
            [
              117.26594219999998,
              31.84321459999999
            ],
            [
              117.26589170000001,
              31.8432207
            ],
            [
              117.26585930000002,
              31.843249799999995
            ],
            [
              117.26584310000001,
              31.843289599999995
            ],
            [
              117.26585570000002,
              31.843373800000002
            ],
            [
              117.26589350000002,
              31.843369199999994
            ],
            [
              117.26590799999998,
              31.8433861
            ],
            [
              117.2659368,
              31.843392200000004
            ],
            [
              117.2660071,
              31.843386099999993
            ],
            [
              117.2660792,
              31.8433983
            ],
            [
              117.26616929999999,
              31.843387599999993
            ],
            [
              117.26616569999999,
              31.843291099999995
            ],
            [
              117.26613869999998,
              31.8432896
            ],
            [
              117.2661337,
              31.84326050000001
            ]
          ]
        ]
      },
      "properties": {
        "building_id": "way/270537514",
        "name": "管理学院MBA中心",
        "height_m": 12.0,
        "height_source": "assumed default scenario, no measured height",
        "height_uncertainty_m": 6.0,
        "footprint_source": "https://www.openstreetmap.org/way/270537514",
        "coordinate_system_verified": false,
        "source_date": null,
        "osm_tags": {
          "building": "yes",
          "name": "管理学院MBA中心",
          "name:zh": "管理学院MBA中心",
          "name:zh-Hans": "管理学院MBA中心",
          "name:zh-Hant": "管理學院MBA中心",
          "operator": "中国科学技术大学",
          "smoking": "no",
          "wheelchair": "yes"
        },
        "simplification_note": "Topology-preserving 0.5 m tolerance; area change <= 2%; flat roof extrusion",
        "footprint_area_m2": 484.92489740691383,
        "outside_fraction": 0.0
      }
    },
    {
      "type": "Feature",
      "geometry": {
        "type": "Polygon",
        "coordinates": [
          [
            [
              117.26444320000002,
              31.842643999999993
            ],
            [
              117.26445,
              31.84250160000001
            ],
            [
              117.26414890000001,
              31.842491299999995
            ],
            [
              117.26415220000001,
              31.8424233
            ],
            [
              117.2642111,
              31.842425300000006
            ],
            [
              117.26421379999998,
              31.8423684
            ],
            [
              117.26415490000001,
              31.842366300000002
            ],
            [
              117.26415910000001,
              31.8422775
            ],
            [
              117.26400969999999,
              31.84227239999999
            ],
            [
              117.2640048,
              31.842375699999998
            ],
            [
              117.264063,
              31.842377700000004
            ],
            [
              117.2640606,
              31.84242799999999
            ],
            [
              117.26385139999998,
              31.84242070000001
            ],
            [
              117.2638433,
              31.842591599999995
            ],
            [
              117.2640339,
              31.842598100000007
            ],
            [
              117.2640308,
              31.842662699999995
            ],
            [
              117.264146,
              31.8426665
            ],
            [
              117.2641476,
              31.842633999999993
            ],
            [
              117.26444320000002,
              31.842643999999993
            ]
          ]
        ]
      },
      "properties": {
        "building_id": "way/270537516",
        "name": "",
        "height_m": 12.0,
        "height_source": "assumed default scenario, no measured height",
        "height_uncertainty_m": 6.0,
        "footprint_source": "https://www.openstreetmap.org/way/270537516",
        "coordinate_system_verified": false,
        "source_date": null,
        "osm_tags": {
          "building": "yes",
          "operator": "中国科学技术大学",
          "smoking": "no",
          "wheelchair": "yes"
        },
        "simplification_note": "Topology-preserving 0.5 m tolerance; area change <= 2%; flat roof extrusion",
        "footprint_area_m2": 1311.280315311025,
        "outside_fraction": 0.0
      }
    },
    {
      "type": "Feature",
      "geometry": {
        "type": "Polygon",
        "coordinates": [
          [
            [
              117.2641386,
              31.83852479999999
            ],
            [
              117.2640596,
              31.8385203
            ],
            [
              117.26404410000002,
              31.8387139
            ],
            [
              117.26418340000001,
              31.838721899999996
            ],
            [
              117.26418670000001,
              31.8386803
            ],
            [
              117.264366,
              31.838690699999987
            ],
            [
              117.26436,
              31.838766299999996
            ],
            [
              117.2645034,
              31.83877460000001
            ],
            [
              117.2645091,
              31.838703699999993
            ],
            [
              117.2647104,
              31.838715300000004
            ],
            [
              117.264708,
              31.8387457
            ],
            [
              117.2648289,
              31.838752699999997
            ],
            [
              117.26484319999999,
              31.83857540000001
            ],
            [
              117.2647545,
              31.838570299999997
            ],
            [
              117.2647491,
              31.83863779999999
            ],
            [
              117.2645304,
              31.838625099999998
            ],
            [
              117.2645315,
              31.8386116
            ],
            [
              117.26436769999998,
              31.838602100000003
            ],
            [
              117.2643666,
              31.838615299999997
            ],
            [
              117.2641325,
              31.838601699999998
            ],
            [
              117.2641386,
              31.83852479999999
            ]
          ]
        ]
      },
      "properties": {
        "building_id": "way/271365631",
        "name": "行政楼",
        "height_m": 12.0,
        "height_source": "assumed default scenario, no measured height",
        "height_uncertainty_m": 6.0,
        "footprint_source": "https://www.openstreetmap.org/way/271365631",
        "coordinate_system_verified": false,
        "source_date": null,
        "osm_tags": {
          "building": "yes",
          "name": "行政楼",
          "name:zh": "行政楼",
          "name:zh-Hans": "行政楼",
          "name:zh-Hant": "行政樓",
          "operator": "中国科学技术大学",
          "ref": "218#",
          "smoking": "no",
          "wheelchair": "yes"
        },
        "simplification_note": "Topology-preserving 0.5 m tolerance; area change <= 2%; flat roof extrusion",
        "footprint_area_m2": 999.1936948965047,
        "outside_fraction": 0.0
      }
    },
    {
      "type": "Feature",
      "geometry": {
        "type": "Polygon",
        "coordinates": [
          [
            [
              117.26420419999998,
              31.838002900000003
            ],
            [
              117.26442519999999,
              31.838016900000003
            ],
            [
              117.2644242,
              31.838027699999998
            ],
            [
              117.264576,
              31.838037200000006
            ],
            [
              117.26457700000002,
              31.838025599999998
            ],
            [
              117.26479040000001,
              31.838039000000006
            ],
            [
              117.2647838,
              31.8381146
            ],
            [
              117.26488969999998,
              31.838121300000005
            ],
            [
              117.26490650000001,
              31.837927699999998
            ],
            [
              117.2647782,
              31.837919699999997
            ],
            [
              117.26477599999998,
              31.8379448
            ],
            [
              117.2645805,
              31.837932500000004
            ],
            [
              117.26458330000001,
              31.837901100000003
            ],
            [
              117.2644419,
              31.8378922
            ],
            [
              117.26443880000001,
              31.837927700000005
            ],
            [
              117.264246,
              31.83791559999999
            ],
            [
              117.26424820000001,
              31.8378901
            ],
            [
              117.26412280000001,
              31.83788219999999
            ],
            [
              117.2641064,
              31.838069899999997
            ],
            [
              117.26419779999999,
              31.838075700000005
            ],
            [
              117.26420419999998,
              31.838002900000003
            ]
          ]
        ]
      },
      "properties": {
        "building_id": "way/271365634",
        "name": "校史馆",
        "height_m": 12.0,
        "height_source": "assumed default scenario, no measured height",
        "height_uncertainty_m": 6.0,
        "footprint_source": "https://www.openstreetmap.org/way/271365634",
        "coordinate_system_verified": false,
        "source_date": null,
        "osm_tags": {
          "building": "yes",
          "name": "校史馆",
          "name:zh": "校史馆",
          "name:zh-Hans": "校史馆",
          "name:zh-Hant": "校史館",
          "operator": "中国科学技术大学",
          "ref": "219#",
          "smoking": "no",
          "wheelchair": "yes"
        },
        "simplification_note": "Topology-preserving 0.5 m tolerance; area change <= 2%; flat roof extrusion",
        "footprint_area_m2": 1043.2409015566473,
        "outside_fraction": 0.0
      }
    },
    {
      "type": "Feature",
      "geometry": {
        "type": "Polygon",
        "coordinates": [
          [
            [
              117.26514529999999,
              31.83801870000001
            ],
            [
              117.2651521,
              31.837918199999997
            ],
            [
              117.2657611,
              31.837947700000008
            ],
            [
              117.2657544,
              31.8380482
            ],
            [
              117.26514529999999,
              31.83801870000001
            ]
          ]
        ]
      },
      "properties": {
        "building_id": "way/271365637",
        "name": "服务楼",
        "height_m": 12.0,
        "height_source": "assumed default scenario, no measured height",
        "height_uncertainty_m": 6.0,
        "footprint_source": "https://www.openstreetmap.org/way/271365637",
        "coordinate_system_verified": false,
        "source_date": null,
        "osm_tags": {
          "building": "yes",
          "name": "服务楼",
          "name:zh": "服务楼",
          "name:zh-Hans": "服务楼",
          "name:zh-Hant": "服務樓",
          "operator": "中国科学技术大学",
          "ref": "213#",
          "smoking": "no",
          "wheelchair": "yes"
        },
        "simplification_note": "Topology-preserving 0.5 m tolerance; area change <= 2%; flat roof extrusion",
        "footprint_area_m2": 644.0493805269512,
        "outside_fraction": 0.0
      }
    },
    {
      "type": "Feature",
      "geometry": {
        "type": "Polygon",
        "coordinates": [
          [
            [
              117.2652418,
              31.839656600000012
            ],
            [
              117.2652336,
              31.839768099999993
            ],
            [
              117.26538340000002,
              31.839776000000004
            ],
            [
              117.2653793,
              31.839832799999996
            ],
            [
              117.2653299,
              31.83983019999999
            ],
            [
              117.26532539999998,
              31.839892299999995
            ],
            [
              117.265363,
              31.839894199999993
            ],
            [
              117.2653567,
              31.839981699999985
            ],
            [
              117.2648835,
              31.839957399999996
            ],
            [
              117.26487800000001,
              31.840033899999995
            ],
            [
              117.26483509999998,
              31.840031800000002
            ],
            [
              117.2648307,
              31.840076000000007
            ],
            [
              117.2648737,
              31.840078300000002
            ],
            [
              117.2648713,
              31.840108299999994
            ],
            [
              117.26541770000001,
              31.840138899999996
            ],
            [
              117.2654155,
              31.840167099999995
            ],
            [
              117.2656063,
              31.8401777
            ],
            [
              117.2656182,
              31.840022800000003
            ],
            [
              117.26555239999999,
              31.840019199999993
            ],
            [
              117.26554820000001,
              31.84007409999999
            ],
            [
              117.26539369999999,
              31.8400656
            ],
            [
              117.26540630000001,
              31.83990079999999
            ],
            [
              117.2655592,
              31.8399092
            ],
            [
              117.2655673,
              31.839802199999998
            ],
            [
              117.2654043,
              31.8397933
            ],
            [
              117.2654089,
              31.8397324
            ],
            [
              117.2654565,
              31.839734899999996
            ],
            [
              117.26546150000001,
              31.839668400000004
            ],
            [
              117.2652418,
              31.839656600000012
            ]
          ]
        ]
      },
      "properties": {
        "building_id": "way/271958257",
        "name": "第二教学楼",
        "height_m": 26.4,
        "height_source": "OSM levels times assumed floor height",
        "height_uncertainty_m": 4.0,
        "footprint_source": "https://www.openstreetmap.org/way/271958257",
        "coordinate_system_verified": false,
        "source_date": null,
        "osm_tags": {
          "building": "yes",
          "building:levels": "8",
          "layer": "1",
          "name": "第二教学楼",
          "name:zh": "第二教学楼",
          "name:zh-Hans": "第二教学楼",
          "name:zh-Hant": "第二教學樓",
          "operator": "中国科学技术大学",
          "smoking": "no",
          "wheelchair": "yes"
        },
        "simplification_note": "Topology-preserving 0.5 m tolerance; area change <= 2%; flat roof extrusion",
        "footprint_area_m2": 1626.4702539493012,
        "outside_fraction": 0.0
      }
    },
    {
      "type": "Feature",
      "geometry": {
        "type": "Polygon",
        "coordinates": [
          [
            [
              117.26413029999999,
              31.83712290000001
            ],
            [
              117.26413770000002,
              31.837041800000005
            ],
            [
              117.26430280000001,
              31.837052799999984
            ],
            [
              117.2643129,
              31.836943
            ],
            [
              117.26484730000001,
              31.8369784
            ],
            [
              117.26483509999998,
              31.837111500000002
            ],
            [
              117.2642982,
              31.837075899999995
            ],
            [
              117.26429290000002,
              31.837133699999995
            ],
            [
              117.26413029999999,
              31.83712290000001
            ]
          ]
        ]
      },
      "properties": {
        "building_id": "way/271958258",
        "name": "原第四教学楼（东北楼）",
        "height_m": 12.0,
        "height_source": "assumed default scenario, no measured height",
        "height_uncertainty_m": 6.0,
        "footprint_source": "https://www.openstreetmap.org/way/271958258",
        "coordinate_system_verified": false,
        "source_date": null,
        "osm_tags": {
          "building": "dormitory",
          "name": "原第四教学楼（东北楼）",
          "name:zh": "原第四教学楼（东北楼）",
          "name:zh-Hans": "原第四教学楼（东北楼）",
          "name:zh-Hant": "原第四教學樓（東北樓）",
          "operator": "中国科学技术大学",
          "ref": "222#",
          "smoking": "no",
          "wheelchair": "yes"
        },
        "simplification_note": "Topology-preserving 0.5 m tolerance; area change <= 2%; flat roof extrusion",
        "footprint_area_m2": 890.1972902418127,
        "outside_fraction": 0.0
      }
    },
    {
      "type": "Feature",
      "geometry": {
        "type": "Polygon",
        "coordinates": [
          [
            [
              117.26508109999999,
              31.837308600000004
            ],
            [
              117.2657527,
              31.83734469999999
            ],
            [
              117.2657404,
              31.837479199999986
            ],
            [
              117.2656351,
              31.837471300000004
            ],
            [
              117.265446,
              31.837459899999995
            ],
            [
              117.2651478,
              31.837444699999985
            ],
            [
              117.26507120000001,
              31.837441399999992
            ],
            [
              117.26508109999999,
              31.837308600000004
            ]
          ]
        ]
      },
      "properties": {
        "building_id": "way/271958260",
        "name": "215#",
        "height_m": 12.0,
        "height_source": "assumed default scenario, no measured height",
        "height_uncertainty_m": 6.0,
        "footprint_source": "https://www.openstreetmap.org/way/271958260",
        "coordinate_system_verified": false,
        "source_date": null,
        "osm_tags": {
          "building": "yes",
          "name": "215#",
          "name:en": "215#",
          "name:zh": "215#",
          "operator": "中国科学技术大学",
          "smoking": "no",
          "wheelchair": "yes"
        },
        "simplification_note": "Topology-preserving 0.5 m tolerance; area change <= 2%; flat roof extrusion",
        "footprint_area_m2": 932.1563840931808,
        "outside_fraction": 0.0
      }
    },
    {
      "type": "Feature",
      "geometry": {
        "type": "Polygon",
        "coordinates": [
          [
            [
              117.2651392,
              31.837566799999994
            ],
            [
              117.2654374,
              31.837582000000012
            ],
            [
              117.265446,
              31.837459899999995
            ],
            [
              117.2651478,
              31.837444699999985
            ],
            [
              117.2651392,
              31.837566799999994
            ]
          ]
        ]
      },
      "properties": {
        "building_id": "way/271958261",
        "name": "",
        "height_m": 12.0,
        "height_source": "assumed default scenario, no measured height",
        "height_uncertainty_m": 6.0,
        "footprint_source": "https://www.openstreetmap.org/way/271958261",
        "coordinate_system_verified": false,
        "source_date": null,
        "osm_tags": {
          "building": "yes",
          "operator": "中国科学技术大学",
          "smoking": "no",
          "wheelchair": "yes"
        },
        "simplification_note": "Topology-preserving 0.5 m tolerance; area change <= 2%; flat roof extrusion",
        "footprint_area_m2": 383.24058290305146,
        "outside_fraction": 0.0
      }
    },
    {
      "type": "Feature",
      "geometry": {
        "type": "Polygon",
        "coordinates": [
          [
            [
              117.26562350000002,
              31.837584
            ],
            [
              117.26572879999999,
              31.837591800000002
            ],
            [
              117.2657404,
              31.837479199999986
            ],
            [
              117.2656351,
              31.837471300000004
            ],
            [
              117.26562350000002,
              31.837584
            ]
          ]
        ]
      },
      "properties": {
        "building_id": "way/271958262",
        "name": "",
        "height_m": 12.0,
        "height_source": "assumed default scenario, no measured height",
        "height_uncertainty_m": 6.0,
        "footprint_source": "https://www.openstreetmap.org/way/271958262",
        "coordinate_system_verified": false,
        "source_date": null,
        "osm_tags": {
          "building": "yes",
          "operator": "中国科学技术大学",
          "smoking": "no",
          "wheelchair": "yes"
        },
        "simplification_note": "Topology-preserving 0.5 m tolerance; area change <= 2%; flat roof extrusion",
        "footprint_area_m2": 125.36388633670862,
        "outside_fraction": 0.0
      }
    },
    {
      "type": "Feature",
      "geometry": {
        "type": "Polygon",
        "coordinates": [
          [
            [
              117.2650728,
              31.837607399999992
            ],
            [
              117.26521190000001,
              31.8376133
            ],
            [
              117.2652097,
              31.837650800000002
            ],
            [
              117.2657557,
              31.837674100000005
            ],
            [
              117.26574769999999,
              31.837810099999995
            ],
            [
              117.26506250000001,
              31.8377808
            ],
            [
              117.2650728,
              31.837607399999992
            ]
          ]
        ]
      },
      "properties": {
        "building_id": "way/271958263",
        "name": "档案馆",
        "height_m": 12.0,
        "height_source": "assumed default scenario, no measured height",
        "height_uncertainty_m": 6.0,
        "footprint_source": "https://www.openstreetmap.org/way/271958263",
        "coordinate_system_verified": false,
        "source_date": null,
        "osm_tags": {
          "building": "yes",
          "name": "档案馆",
          "name:zh": "档案馆",
          "name:zh-Hans": "档案馆",
          "name:zh-Hant": "檔案館",
          "operator": "中国科学技术大学",
          "ref": "214#",
          "smoking": "no",
          "wheelchair": "yes"
        },
        "simplification_note": "Topology-preserving 0.5 m tolerance; area change <= 2%; flat roof extrusion",
        "footprint_area_m2": 1034.3550352712136,
        "outside_fraction": 0.0
      }
    },
    {
      "type": "Feature",
      "geometry": {
        "type": "Polygon",
        "coordinates": [
          [
            [
              117.2622951,
              31.837579699999996
            ],
            [
              117.2625208,
              31.8375919
            ],
            [
              117.2625141,
              31.837681699999997
            ],
            [
              117.26228840000002,
              31.8376695
            ],
            [
              117.2622951,
              31.837579699999996
            ]
          ]
        ]
      },
      "properties": {
        "building_id": "way/271958264",
        "name": "浴室",
        "height_m": 12.0,
        "height_source": "assumed default scenario, no measured height",
        "height_uncertainty_m": 6.0,
        "footprint_source": "https://www.openstreetmap.org/way/271958264",
        "coordinate_system_verified": false,
        "source_date": null,
        "osm_tags": {
          "amenity": "public_bath",
          "building": "yes",
          "name": "浴室",
          "name:zh": "浴室",
          "name:zh-Hans": "浴室",
          "name:zh-Hant": "浴室",
          "wheelchair": "yes"
        },
        "simplification_note": "Topology-preserving 0.5 m tolerance; area change <= 2%; flat roof extrusion",
        "footprint_area_m2": 213.42582354872167,
        "outside_fraction": 0.0
      }
    },
    {
      "type": "Feature",
      "geometry": {
        "type": "Polygon",
        "coordinates": [
          [
            [
              117.26222309999999,
              31.837579600000005
            ],
            [
              117.26222940000001,
              31.8374979
            ],
            [
              117.2621094,
              31.837491199999988
            ],
            [
              117.26210300000001,
              31.8375729
            ],
            [
              117.26222309999999,
              31.837579600000005
            ]
          ]
        ]
      },
      "properties": {
        "building_id": "way/271958265",
        "name": "",
        "height_m": 12.0,
        "height_source": "assumed default scenario, no measured height",
        "height_uncertainty_m": 6.0,
        "footprint_source": "https://www.openstreetmap.org/way/271958265",
        "coordinate_system_verified": false,
        "source_date": null,
        "osm_tags": {
          "building": "retail",
          "operator": "中国科学技术大学",
          "smoking": "no",
          "wheelchair": "yes"
        },
        "simplification_note": "Topology-preserving 0.5 m tolerance; area change <= 2%; flat roof extrusion",
        "footprint_area_m2": 103.3131310799258,
        "outside_fraction": 0.0
      }
    },
    {
      "type": "Feature",
      "geometry": {
        "type": "Polygon",
        "coordinates": [
          [
            [
              117.2632351,
              31.8368469
            ],
            [
              117.2637645,
              31.836872000000007
            ],
            [
              117.2637582,
              31.836968399999986
            ],
            [
              117.26391649999998,
              31.83697590000001
            ],
            [
              117.26391070000001,
              31.83706260000001
            ],
            [
              117.26375310000002,
              31.837055099999997
            ],
            [
              117.2637557,
              31.837016100000003
            ],
            [
              117.2632256,
              31.8369908
            ],
            [
              117.2632351,
              31.8368469
            ]
          ]
        ]
      },
      "properties": {
        "building_id": "way/271958268",
        "name": "原第四教学楼（西北楼）",
        "height_m": 12.0,
        "height_source": "assumed default scenario, no measured height",
        "height_uncertainty_m": 6.0,
        "footprint_source": "https://www.openstreetmap.org/way/271958268",
        "coordinate_system_verified": false,
        "source_date": null,
        "osm_tags": {
          "building": "dormitory",
          "name": "原第四教学楼（西北楼）",
          "name:zh": "原第四教学楼（西北楼）",
          "name:zh-Hans": "原第四教学楼（西北楼）",
          "name:zh-Hant": "原第四教學樓（西北樓）",
          "operator": "中国科学技术大学",
          "ref": "230#",
          "smoking": "no",
          "wheelchair": "yes"
        },
        "simplification_note": "Topology-preserving 0.5 m tolerance; area change <= 2%; flat roof extrusion",
        "footprint_area_m2": 946.0914887141168,
        "outside_fraction": 0.0
      }
    },
    {
      "type": "Feature",
      "geometry": {
        "type": "Polygon",
        "coordinates": [
          [
            [
              117.26296980000001,
              31.83600679999999
            ],
            [
              117.26296769999999,
              31.8360487
            ],
            [
              117.263035,
              31.836051100000006
            ],
            [
              117.2630174,
              31.8364058
            ],
            [
              117.2629438,
              31.8364032
            ],
            [
              117.26294159999999,
              31.836446800000004
            ],
            [
              117.2622429,
              31.8364218
            ],
            [
              117.26226470000002,
              31.835981599999997
            ],
            [
              117.26296980000001,
              31.83600679999999
            ]
          ]
        ]
      },
      "properties": {
        "building_id": "way/271958271",
        "name": "礼堂",
        "height_m": 12.0,
        "height_source": "assumed default scenario, no measured height",
        "height_uncertainty_m": 6.0,
        "footprint_source": "https://www.openstreetmap.org/way/271958271",
        "coordinate_system_verified": false,
        "source_date": null,
        "osm_tags": {
          "building": "yes",
          "name": "礼堂",
          "name:zh": "礼堂",
          "name:zh-Hans": "礼堂",
          "name:zh-Hant": "禮堂",
          "note": "331#",
          "operator": "中国科学技术大学",
          "smoking": "no",
          "wheelchair": "yes"
        },
        "simplification_note": "Topology-preserving 0.5 m tolerance; area change <= 2%; flat roof extrusion",
        "footprint_area_m2": 3508.956139829159,
        "outside_fraction": 0.0
      }
    },
    {
      "type": "Feature",
      "geometry": {
        "type": "Polygon",
        "coordinates": [
          [
            [
              117.2610296,
              31.837236100000002
            ],
            [
              117.2610045,
              31.837410100000003
            ],
            [
              117.2603855,
              31.8373584
            ],
            [
              117.26040040000001,
              31.837183799999995
            ],
            [
              117.2610296,
              31.837236100000002
            ]
          ]
        ]
      },
      "properties": {
        "building_id": "way/271959067",
        "name": "羽毛球馆",
        "height_m": 12.0,
        "height_source": "assumed default scenario, no measured height",
        "height_uncertainty_m": 6.0,
        "footprint_source": "https://www.openstreetmap.org/way/271959067",
        "coordinate_system_verified": false,
        "source_date": null,
        "osm_tags": {
          "access": "private",
          "building": "yes",
          "leisure": "sports_centre",
          "name": "羽毛球馆",
          "name:zh": "羽毛球馆",
          "name:zh-Hans": "羽毛球馆",
          "name:zh-Hant": "羽毛球館",
          "operator": "中国科学技术大学",
          "operator:type": "government",
          "sport": "badminton"
        },
        "simplification_note": "Topology-preserving 0.5 m tolerance; area change <= 2%; flat roof extrusion",
        "footprint_area_m2": 1151.7983342249615,
        "outside_fraction": 0.0
      }
    },
    {
      "type": "Feature",
      "geometry": {
        "type": "Polygon",
        "coordinates": [
          [
            [
              117.26106529999998,
              31.837035299999997
            ],
            [
              117.2610558,
              31.837169300000006
            ],
            [
              117.2604921,
              31.837140399999996
            ],
            [
              117.26049100000002,
              31.837155800000005
            ],
            [
              117.26040810000002,
              31.8371515
            ],
            [
              117.2604186,
              31.837003299999992
            ],
            [
              117.26039170000001,
              31.837001899999997
            ],
            [
              117.260396,
              31.8369402
            ],
            [
              117.26035990000001,
              31.836938299999996
            ],
            [
              117.2603639,
              31.836881299999995
            ],
            [
              117.26032780000001,
              31.836879499999995
            ],
            [
              117.2603319,
              31.8368214
            ],
            [
              117.26040250000001,
              31.836824999999994
            ],
            [
              117.26040730000001,
              31.8367572
            ],
            [
              117.260197,
              31.836746399999992
            ],
            [
              117.2602052,
              31.836629900000002
            ],
            [
              117.2610903,
              31.836675200000002
            ],
            [
              117.26108059999999,
              31.8368122
            ],
            [
              117.26051500000001,
              31.8367833
            ],
            [
              117.2604992,
              31.8370064
            ],
            [
              117.26106529999998,
              31.837035299999997
            ]
          ]
        ]
      },
      "properties": {
        "building_id": "way/271959068",
        "name": "研究生公寓 364# 365#",
        "height_m": 12.0,
        "height_source": "assumed default scenario, no measured height",
        "height_uncertainty_m": 6.0,
        "footprint_source": "https://www.openstreetmap.org/way/271959068",
        "coordinate_system_verified": false,
        "source_date": null,
        "osm_tags": {
          "building": "yes",
          "description": "研究生宿舍（男）",
          "name": "研究生公寓 364# 365#",
          "name:zh": "研究生公寓 364# 365#",
          "name:zh-Hans": "研究生公寓 364# 365#",
          "name:zh-Hant": "研究生公寓 364# 365#",
          "operator": "中国科学技术大学",
          "smoking": "no",
          "wheelchair": "yes"
        },
        "simplification_note": "Topology-preserving 0.5 m tolerance; area change <= 2%; flat roof extrusion",
        "footprint_area_m2": 2475.5583461154965,
        "outside_fraction": 0.0
      }
    },
    {
      "type": "Feature",
      "geometry": {
        "type": "Polygon",
        "coordinates": [
          [
            [
              117.26318640000001,
              31.839424100000002
            ],
            [
              117.26361570000002,
              31.839453699999996
            ],
            [
              117.26362149999999,
              31.839393999999995
            ],
            [
              117.26398170000002,
              31.8394189
            ],
            [
              117.2639756,
              31.839482099999994
            ],
            [
              117.2644191,
              31.839512699999986
            ],
            [
              117.26443399999998,
              31.839356099999993
            ],
            [
              117.2640785,
              31.839331600000012
            ],
            [
              117.2640843,
              31.83927149999999
            ],
            [
              117.2638613,
              31.83925619999999
            ],
            [
              117.26386810000001,
              31.839184999999993
            ],
            [
              117.26378650000001,
              31.8391794
            ],
            [
              117.2637794,
              31.839254200000003
            ],
            [
              117.26356620000001,
              31.839239499999998
            ],
            [
              117.2635586,
              31.839318700000003
            ],
            [
              117.26319879999998,
              31.839293899999994
            ],
            [
              117.26318640000001,
              31.839424100000002
            ]
          ]
        ]
      },
      "properties": {
        "building_id": "way/284161540",
        "name": "东区老图书馆",
        "height_m": 12.0,
        "height_source": "assumed default scenario, no measured height",
        "height_uncertainty_m": 6.0,
        "footprint_source": "https://www.openstreetmap.org/way/284161540",
        "coordinate_system_verified": false,
        "source_date": null,
        "osm_tags": {
          "building": "yes",
          "name": "东区老图书馆",
          "name:zh": "东区老图书馆",
          "name:zh-Hans": "东区老图书馆",
          "name:zh-Hant": "東區老圖書館",
          "operator": "中国科学技术大学",
          "smoking": "no",
          "wheelchair": "yes"
        },
        "simplification_note": "Topology-preserving 0.5 m tolerance; area change <= 2%; flat roof extrusion",
        "footprint_area_m2": 2076.1587917251427,
        "outside_fraction": 0.0
      }
    },
    {
      "type": "Feature",
      "geometry": {
        "type": "Polygon",
        "coordinates": [
          [
            [
              117.26386810000001,
              31.839184999999993
            ],
            [
              117.2639712,
              31.8391907
            ],
            [
              117.2639799,
              31.8391652
            ],
            [
              117.26415130000001,
              31.839170299999992
            ],
            [
              117.26416020000002,
              31.839128499999994
            ],
            [
              117.26445400000001,
              31.839146799999995
            ],
            [
              117.26445870000002,
              31.839083699999996
            ],
            [
              117.26449810000001,
              31.839085799999996
            ],
            [
              117.26450500000001,
              31.838995
            ],
            [
              117.2644629,
              31.838992600000008
            ],
            [
              117.26446570000002,
              31.838928500000005
            ],
            [
              117.2643927,
              31.83892339999999
            ],
            [
              117.2643957,
              31.838905700000005
            ],
            [
              117.26406189999999,
              31.83888799999999
            ],
            [
              117.26406340000001,
              31.8388994
            ],
            [
              117.2639382,
              31.8388943
            ],
            [
              117.26393640000002,
              31.838909699999995
            ],
            [
              117.26379069999999,
              31.838901900000003
            ],
            [
              117.26379069999999,
              31.838887999999997
            ],
            [
              117.2636566,
              31.838879100000003
            ],
            [
              117.26365809999999,
              31.8388677
            ],
            [
              117.26331240000002,
              31.838849999999994
            ],
            [
              117.2633109,
              31.83887029999999
            ],
            [
              117.2632587,
              31.838865200000004
            ],
            [
              117.26325130000001,
              31.838938599999995
            ],
            [
              117.26321100000001,
              31.838937399999995
            ],
            [
              117.26320510000001,
              31.839004499999998
            ],
            [
              117.26325059999999,
              31.8390077
            ],
            [
              117.26324379999998,
              31.839079099999992
            ],
            [
              117.26355670000001,
              31.839093100000003
            ],
            [
              117.26355519999998,
              31.83913099999999
            ],
            [
              117.2637132,
              31.83913609999999
            ],
            [
              117.2637087,
              31.839176599999995
            ],
            [
              117.26378650000001,
              31.8391794
            ],
            [
              117.26386810000001,
              31.839184999999993
            ]
          ]
        ]
      },
      "properties": {
        "building_id": "way/284161541",
        "name": "东区图书馆",
        "height_m": 19.799999999999997,
        "height_source": "OSM levels times assumed floor height",
        "height_uncertainty_m": 3.0,
        "footprint_source": "https://www.openstreetmap.org/way/284161541",
        "coordinate_system_verified": false,
        "source_date": null,
        "osm_tags": {
          "amenity": "library",
          "building": "yes",
          "building:levels": "6",
          "internet_access": "yes",
          "internet_access:fee": "customers",
          "name": "东区图书馆",
          "name:zh": "东区图书馆",
          "name:zh-Hans": "东区图书馆",
          "name:zh-Hant": "東區圖書館",
          "operator": "中国科学技术大学",
          "operator:type": "government",
          "wheelchair": "yes"
        },
        "simplification_note": "Topology-preserving 0.5 m tolerance; area change <= 2%; flat roof extrusion",
        "footprint_area_m2": 3278.335012966538,
        "outside_fraction": 0.0
      }
    },
    {
      "type": "Feature",
      "geometry": {
        "type": "Polygon",
        "coordinates": [
          [
            [
              117.2648843,
              31.8390452
            ],
            [
              117.26486719999998,
              31.839254199999996
            ],
            [
              117.26490709999999,
              31.839256600000002
            ],
            [
              117.26490499999998,
              31.8392824
            ],
            [
              117.26504089999999,
              31.8392904
            ],
            [
              117.26504569999999,
              31.83923190000001
            ],
            [
              117.26518130000001,
              31.8392399
            ],
            [
              117.265176,
              31.839305
            ],
            [
              117.26560549999999,
              31.839330399999998
            ],
            [
              117.2656078,
              31.8393023
            ],
            [
              117.2656494,
              31.8393048
            ],
            [
              117.2656636,
              31.839131199999997
            ],
            [
              117.26558110000002,
              31.8391264
            ],
            [
              117.26558819999998,
              31.839040500000003
            ],
            [
              117.2656668,
              31.8390452
            ],
            [
              117.26567870000001,
              31.83890059999999
            ],
            [
              117.26520950000001,
              31.838872899999995
            ],
            [
              117.2652052,
              31.838925300000003
            ],
            [
              117.2650856,
              31.838918199999995
            ],
            [
              117.26507419999999,
              31.839056399999997
            ],
            [
              117.2648843,
              31.8390452
            ]
          ]
        ]
      },
      "properties": {
        "building_id": "way/284161542",
        "name": "东区学生食堂",
        "height_m": 12.0,
        "height_source": "assumed default scenario, no measured height",
        "height_uncertainty_m": 6.0,
        "footprint_source": "https://www.openstreetmap.org/way/284161542",
        "coordinate_system_verified": false,
        "source_date": null,
        "osm_tags": {
          "building": "yes",
          "name": "东区学生食堂",
          "name:zh": "东区学生食堂",
          "name:zh-Hans": "东区学生食堂",
          "name:zh-Hant": "東區學生食堂",
          "operator": "中国科学技术大学",
          "ref": "208#",
          "smoking": "no",
          "wheelchair": "yes"
        },
        "simplification_note": "Topology-preserving 0.5 m tolerance; area change <= 2%; flat roof extrusion",
        "footprint_area_m2": 2906.445701863772,
        "outside_fraction": 0.0
      }
    },
    {
      "type": "Feature",
      "geometry": {
        "type": "Polygon",
        "coordinates": [
          [
            [
              117.2608991,
              31.835261999999997
            ],
            [
              117.2609179,
              31.835547499999993
            ],
            [
              117.26041170000002,
              31.835571599999998
            ],
            [
              117.2604219,
              31.835726799999996
            ],
            [
              117.2602058,
              31.83573710000001
            ],
            [
              117.26017710000002,
              31.835303599999992
            ],
            [
              117.26054169999999,
              31.8352862
            ],
            [
              117.26054049999999,
              31.835267599999998
            ],
            [
              117.26066059999998,
              31.8352619
            ],
            [
              117.2606588,
              31.83523449999999
            ],
            [
              117.26079760000002,
              31.8352279
            ],
            [
              117.26079920000001,
              31.835252599999997
            ],
            [
              117.26084620000002,
              31.835250299999995
            ],
            [
              117.26084709999999,
              31.8352645
            ],
            [
              117.2608991,
              31.835261999999997
            ]
          ]
        ]
      },
      "properties": {
        "building_id": "way/285860077",
        "name": "门诊部",
        "height_m": 12.0,
        "height_source": "assumed default scenario, no measured height",
        "height_uncertainty_m": 6.0,
        "footprint_source": "https://www.openstreetmap.org/way/285860077",
        "coordinate_system_verified": false,
        "source_date": null,
        "osm_tags": {
          "building": "hospital",
          "name": "门诊部",
          "name:zh": "门诊部",
          "name:zh-Hans": "门诊部",
          "name:zh-Hant": "門診部",
          "operator": "中国科学技术大学",
          "smoking": "no",
          "wheelchair": "yes"
        },
        "simplification_note": "Topology-preserving 0.5 m tolerance; area change <= 2%; flat roof extrusion",
        "footprint_area_m2": 2573.488423423156,
        "outside_fraction": 0.0
      }
    },
    {
      "type": "Feature",
      "geometry": {
        "type": "Polygon",
        "coordinates": [
          [
            [
              117.2612688,
              31.83530319999999
            ],
            [
              117.2611851,
              31.835307600000004
            ],
            [
              117.26117659999998,
              31.835191499999997
            ],
            [
              117.2610911,
              31.83519600000001
            ],
            [
              117.2610861,
              31.83512749999999
            ],
            [
              117.2612553,
              31.835118500000004
            ],
            [
              117.2612688,
              31.83530319999999
            ]
          ]
        ]
      },
      "properties": {
        "building_id": "way/285860078",
        "name": "门岗",
        "height_m": 12.0,
        "height_source": "assumed default scenario, no measured height",
        "height_uncertainty_m": 6.0,
        "footprint_source": "https://www.openstreetmap.org/way/285860078",
        "coordinate_system_verified": false,
        "source_date": null,
        "osm_tags": {
          "building": "hospital",
          "name": "门岗",
          "name:zh": "门岗",
          "name:zh-Hans": "门岗",
          "name:zh-Hant": "門崗",
          "operator": "中国科学技术大学",
          "smoking": "no",
          "wheelchair": "yes"
        },
        "simplification_note": "Topology-preserving 0.5 m tolerance; area change <= 2%; flat roof extrusion",
        "footprint_area_m2": 224.44240119253197,
        "outside_fraction": 0.0
      }
    },
    {
      "type": "Feature",
      "geometry": {
        "type": "Polygon",
        "coordinates": [
          [
            [
              117.2610054,
              31.8356499
            ],
            [
              117.2612744,
              31.8356595
            ],
            [
              117.26126450000001,
              31.8358168
            ],
            [
              117.2609926,
              31.835805500000003
            ],
            [
              117.2610054,
              31.8356499
            ]
          ]
        ]
      },
      "properties": {
        "building_id": "way/285860079",
        "name": "化学品存放仓库",
        "height_m": 12.0,
        "height_source": "assumed default scenario, no measured height",
        "height_uncertainty_m": 6.0,
        "footprint_source": "https://www.openstreetmap.org/way/285860079",
        "coordinate_system_verified": false,
        "source_date": null,
        "osm_tags": {
          "building": "yes",
          "name": "化学品存放仓库",
          "name:zh": "化学品存放仓库",
          "name:zh-Hans": "化学品存放仓库",
          "name:zh-Hant": "化學品存放倉庫",
          "operator": "中国科学技术大学",
          "smoking": "no"
        },
        "simplification_note": "Topology-preserving 0.5 m tolerance; area change <= 2%; flat roof extrusion",
        "footprint_area_m2": 445.0184724276139,
        "outside_fraction": 0.0
      }
    },
    {
      "type": "Feature",
      "geometry": {
        "type": "Polygon",
        "coordinates": [
          [
            [
              117.2600062,
              31.8363766
            ],
            [
              117.26043340000001,
              31.8364073
            ],
            [
              117.2604381,
              31.836360299999996
            ],
            [
              117.2604662,
              31.8363623
            ],
            [
              117.2604726,
              31.836298200000005
            ],
            [
              117.260436,
              31.836295600000003
            ],
            [
              117.26044119999999,
              31.836211999999993
            ],
            [
              117.26036,
              31.836207399999985
            ],
            [
              117.26002449999999,
              31.8361846
            ],
            [
              117.2600145,
              31.83632109999999
            ],
            [
              117.2600062,
              31.8363766
            ]
          ]
        ]
      },
      "properties": {
        "building_id": "way/290097996",
        "name": "学生公寓 366#",
        "height_m": 12.0,
        "height_source": "assumed default scenario, no measured height",
        "height_uncertainty_m": 6.0,
        "footprint_source": "https://www.openstreetmap.org/way/290097996",
        "coordinate_system_verified": false,
        "source_date": null,
        "osm_tags": {
          "building": "apartments",
          "description": "研究生宿舍（女）",
          "name": "学生公寓 366#",
          "name:zh": "学生公寓 366#",
          "name:zh-Hans": "学生公寓 366#",
          "name:zh-Hant": "學生公寓 366#",
          "operator": "中国科学技术大学",
          "smoking": "no",
          "wheelchair": "yes"
        },
        "simplification_note": "Topology-preserving 0.5 m tolerance; area change <= 2%; flat roof extrusion",
        "footprint_area_m2": 878.4281141340898,
        "outside_fraction": 0.0
      }
    },
    {
      "type": "Feature",
      "geometry": {
        "type": "Polygon",
        "coordinates": [
          [
            [
              117.2600904,
              31.83586509999999
            ],
            [
              117.2604696,
              31.83588629999999
            ],
            [
              117.2604659,
              31.8359352
            ],
            [
              117.2604975,
              31.835937
            ],
            [
              117.2604929,
              31.835996899999998
            ],
            [
              117.2604574,
              31.836002699999995
            ],
            [
              117.26044119999999,
              31.836211999999993
            ],
            [
              117.26036,
              31.836207399999985
            ],
            [
              117.2603735,
              31.836033499999996
            ],
            [
              117.26008119999999,
              31.836019400000005
            ],
            [
              117.26009070000002,
              31.835881600000008
            ],
            [
              117.2600904,
              31.83586509999999
            ]
          ]
        ]
      },
      "properties": {
        "building_id": "way/290097997",
        "name": "学生公寓 367#",
        "height_m": 12.0,
        "height_source": "assumed default scenario, no measured height",
        "height_uncertainty_m": 6.0,
        "footprint_source": "https://www.openstreetmap.org/way/290097997",
        "coordinate_system_verified": false,
        "source_date": null,
        "osm_tags": {
          "building": "apartments",
          "description": "研究生宿舍（女）",
          "name": "学生公寓 367#",
          "name:zh": "学生公寓 367#",
          "name:zh-Hans": "学生公寓 367#",
          "name:zh-Hant": "學生公寓 367#",
          "operator": "中国科学技术大学",
          "smoking": "no",
          "wheelchair": "yes"
        },
        "simplification_note": "Topology-preserving 0.5 m tolerance; area change <= 2%; flat roof extrusion",
        "footprint_area_m2": 775.7937518456622,
        "outside_fraction": 0.0
      }
    },
    {
      "type": "Feature",
      "geometry": {
        "type": "Polygon",
        "coordinates": [
          [
            [
              117.2599031,
              31.8363152
            ],
            [
              117.2600145,
              31.83632109999999
            ],
            [
              117.26002449999999,
              31.8361846
            ],
            [
              117.260036,
              31.836017100000003
            ],
            [
              117.26008119999999,
              31.836019400000005
            ],
            [
              117.26009070000002,
              31.835881600000008
            ],
            [
              117.25993449999999,
              31.835873900000003
            ],
            [
              117.2599031,
              31.8363152
            ]
          ]
        ]
      },
      "properties": {
        "building_id": "way/290097998",
        "name": "",
        "height_m": 12.0,
        "height_source": "assumed default scenario, no measured height",
        "height_uncertainty_m": 6.0,
        "footprint_source": "https://www.openstreetmap.org/way/290097998",
        "coordinate_system_verified": false,
        "source_date": null,
        "osm_tags": {
          "building": "yes",
          "operator": "中国科学技术大学",
          "smoking": "no",
          "wheelchair": "yes"
        },
        "simplification_note": "Topology-preserving 0.5 m tolerance; area change <= 2%; flat roof extrusion",
        "footprint_area_m2": 583.259714803289,
        "outside_fraction": 0.0
      }
    },
    {
      "type": "Feature",
      "geometry": {
        "type": "Polygon",
        "coordinates": [
          [
            [
              117.26157169999999,
              31.8357002
            ],
            [
              117.2620298,
              31.835719199999993
            ],
            [
              117.26203410000001,
              31.835645799999998
            ],
            [
              117.2620047,
              31.835644599999988
            ],
            [
              117.2620084,
              31.835579599999992
            ],
            [
              117.2619492,
              31.835577099999995
            ],
            [
              117.26195920000002,
              31.835402
            ],
            [
              117.2620336,
              31.8354051
            ],
            [
              117.26204000000001,
              31.8352927
            ],
            [
              117.26158,
              31.8352736
            ],
            [
              117.26157350000001,
              31.835387499999996
            ],
            [
              117.26186930000001,
              31.835399799999994
            ],
            [
              117.26185769999998,
              31.835601799999996
            ],
            [
              117.26157809999998,
              31.835590100000008
            ],
            [
              117.26157169999999,
              31.8357002
            ]
          ]
        ]
      },
      "properties": {
        "building_id": "way/290097999",
        "name": "化学与材料科学学院",
        "height_m": 12.0,
        "height_source": "assumed default scenario, no measured height",
        "height_uncertainty_m": 6.0,
        "footprint_source": "https://www.openstreetmap.org/way/290097999",
        "coordinate_system_verified": false,
        "source_date": null,
        "osm_tags": {
          "building": "university",
          "name": "化学与材料科学学院",
          "name:zh": "化学与材料科学学院",
          "name:zh-Hans": "化学与材料科学学院",
          "name:zh-Hant": "化學與材料科學學院",
          "operator": "中国科学技术大学",
          "smoking": "no",
          "wheelchair": "yes"
        },
        "simplification_note": "Topology-preserving 0.5 m tolerance; area change <= 2%; flat roof extrusion",
        "footprint_area_m2": 1276.798786694343,
        "outside_fraction": 0.0
      }
    },
    {
      "type": "Feature",
      "geometry": {
        "type": "Polygon",
        "coordinates": [
          [
            [
              117.26331510000001,
              31.835098099999996
            ],
            [
              117.26308800000001,
              31.8350896
            ],
            [
              117.26307779999999,
              31.835284299999994
            ],
            [
              117.26310269999999,
              31.8352853
            ],
            [
              117.2630987,
              31.835361099999993
            ],
            [
              117.2636291,
              31.835381100000003
            ],
            [
              117.2636351,
              31.835267899999998
            ],
            [
              117.2634304,
              31.835260199999997
            ],
            [
              117.26342859999998,
              31.835294599999997
            ],
            [
              117.2633051,
              31.83528990000001
            ],
            [
              117.26331510000001,
              31.835098099999996
            ]
          ]
        ]
      },
      "properties": {
        "building_id": "way/290098001",
        "name": "计算小楼",
        "height_m": 12.0,
        "height_source": "assumed default scenario, no measured height",
        "height_uncertainty_m": 6.0,
        "footprint_source": "https://www.openstreetmap.org/way/290098001",
        "coordinate_system_verified": false,
        "source_date": null,
        "osm_tags": {
          "building": "yes",
          "name": "计算小楼",
          "name:zh": "计算小楼",
          "name:zh-Hans": "计算小楼",
          "name:zh-Hant": "計算小樓",
          "operator": "中国科学技术大学",
          "smoking": "no",
          "wheelchair": "yes"
        },
        "simplification_note": "Topology-preserving 0.5 m tolerance; area change <= 2%; flat roof extrusion",
        "footprint_area_m2": 971.7739519611716,
        "outside_fraction": 0.0
      }
    },
    {
      "type": "Feature",
      "geometry": {
        "type": "Polygon",
        "coordinates": [
          [
            [
              117.26471080000002,
              31.841601799999996
            ],
            [
              117.2654005,
              31.841638300000007
            ],
            [
              117.26539160000002,
              31.841759799999995
            ],
            [
              117.2652738,
              31.8417536
            ],
            [
              117.26527210000002,
              31.841775899999995
            ],
            [
              117.2651925,
              31.841771699999995
            ],
            [
              117.26519410000002,
              31.841749799999995
            ],
            [
              117.2649292,
              31.841735800000002
            ],
            [
              117.26492749999998,
              31.84175909999999
            ],
            [
              117.2648359,
              31.841754299999995
            ],
            [
              117.26483749999998,
              31.8417335
            ],
            [
              117.2647017,
              31.841726299999998
            ],
            [
              117.26471080000002,
              31.841601799999996
            ]
          ]
        ]
      },
      "properties": {
        "building_id": "way/298741849",
        "name": "1#",
        "height_m": 12.0,
        "height_source": "assumed default scenario, no measured height",
        "height_uncertainty_m": 6.0,
        "footprint_source": "https://www.openstreetmap.org/way/298741849",
        "coordinate_system_verified": false,
        "source_date": null,
        "osm_tags": {
          "building": "residential",
          "name": "1#",
          "operator": "中国科学技术大学",
          "smoking": "no",
          "wheelchair": "yes"
        },
        "simplification_note": "Topology-preserving 0.5 m tolerance; area change <= 2%; flat roof extrusion",
        "footprint_area_m2": 929.4967827892056,
        "outside_fraction": 0.0
      }
    },
    {
      "type": "Feature",
      "geometry": {
        "type": "Polygon",
        "coordinates": [
          [
            [
              117.26466860000001,
              31.842140599999993
            ],
            [
              117.26536700000001,
              31.84217530000001
            ],
            [
              117.26535890000001,
              31.842293299999994
            ],
            [
              117.26523470000001,
              31.842287099999993
            ],
            [
              117.26523320000001,
              31.842307900000005
            ],
            [
              117.26514590000001,
              31.842303600000008
            ],
            [
              117.26514739999999,
              31.8422818
            ],
            [
              117.2650635,
              31.842277599999992
            ],
            [
              117.265062,
              31.842299299999986
            ],
            [
              117.26497459999999,
              31.842295
            ],
            [
              117.26497609999998,
              31.842272599999994
            ],
            [
              117.2648914,
              31.842268300000004
            ],
            [
              117.26488990000001,
              31.842289900000004
            ],
            [
              117.2648007,
              31.842285500000003
            ],
            [
              117.26480209999998,
              31.842266300000006
            ],
            [
              117.26466040000001,
              31.842259199999994
            ],
            [
              117.26466860000001,
              31.842140599999993
            ]
          ]
        ]
      },
      "properties": {
        "building_id": "way/298741850",
        "name": "2#",
        "height_m": 12.0,
        "height_source": "assumed default scenario, no measured height",
        "height_uncertainty_m": 6.0,
        "footprint_source": "https://www.openstreetmap.org/way/298741850",
        "coordinate_system_verified": false,
        "source_date": null,
        "osm_tags": {
          "building": "residential",
          "name": "2#",
          "name:en": "2#",
          "name:zh": "2#",
          "operator": "中国科学技术大学",
          "smoking": "no",
          "wheelchair": "yes"
        },
        "simplification_note": "Topology-preserving 0.5 m tolerance; area change <= 2%; flat roof extrusion",
        "footprint_area_m2": 922.5487429558398,
        "outside_fraction": 0.0
      }
    },
    {
      "type": "Feature",
      "geometry": {
        "type": "Polygon",
        "coordinates": [
          [
            [
              117.2608094,
              31.836354900000003
            ],
            [
              117.2609726,
              31.836364900000003
            ],
            [
              117.26098390000001,
              31.836230999999998
            ],
            [
              117.2610405,
              31.836234399999995
            ],
            [
              117.2610438,
              31.836196100000006
            ],
            [
              117.2609846,
              31.83619249999999
            ],
            [
              117.26099110000001,
              31.836116100000005
            ],
            [
              117.26141689999999,
              31.836142199999994
            ],
            [
              117.26140790000001,
              31.836247899999986
            ],
            [
              117.26121590000001,
              31.83623610000001
            ],
            [
              117.2612022,
              31.836396999999995
            ],
            [
              117.26132840000001,
              31.836404799999993
            ],
            [
              117.2614083,
              31.836338499999997
            ],
            [
              117.26140409999998,
              31.8363876
            ],
            [
              117.2620206,
              31.836425199999997
            ],
            [
              117.26205780000001,
              31.835986100000003
            ],
            [
              117.261852,
              31.835973500000005
            ],
            [
              117.26184560000002,
              31.836050000000004
            ],
            [
              117.26178739999999,
              31.836046499999995
            ],
            [
              117.2617849,
              31.8360751
            ],
            [
              117.26184169999999,
              31.836078599999997
            ],
            [
              117.2618319,
              31.836194999999996
            ],
            [
              117.2615338,
              31.836176700000003
            ],
            [
              117.2615524,
              31.835956700000004
            ],
            [
              117.26084680000001,
              31.835913499999997
            ],
            [
              117.2608094,
              31.836354900000003
            ]
          ]
        ]
      },
      "properties": {
        "building_id": "way/298742273",
        "name": "环境与资源楼",
        "height_m": 12.0,
        "height_source": "assumed default scenario, no measured height",
        "height_uncertainty_m": 6.0,
        "footprint_source": "https://www.openstreetmap.org/way/298742273",
        "coordinate_system_verified": false,
        "source_date": null,
        "osm_tags": {
          "building": "university",
          "name": "环境与资源楼",
          "name:zh": "环境与资源楼",
          "name:zh-Hans": "环境与资源楼",
          "name:zh-Hant": "環境與資源樓",
          "operator": "中国科学技术大学",
          "smoking": "no",
          "wheelchair": "yes"
        },
        "simplification_note": "Topology-preserving 0.5 m tolerance; area change <= 2%; flat roof extrusion",
        "footprint_area_m2": 4149.506397565426,
        "outside_fraction": 0.0
      }
    },
    {
      "type": "Feature",
      "geometry": {
        "type": "Polygon",
        "coordinates": [
          [
            [
              117.26371300000001,
              31.8355848
            ],
            [
              117.2639075,
              31.835594900000007
            ],
            [
              117.26390620000001,
              31.835612899999994
            ],
            [
              117.2639666,
              31.835616400000003
            ],
            [
              117.26400280000001,
              31.835618399999998
            ],
            [
              117.26424780000002,
              31.835631
            ],
            [
              117.2642852,
              31.835632899999997
            ],
            [
              117.2643869,
              31.8356381
            ],
            [
              117.26439360000002,
              31.8356212
            ],
            [
              117.264576,
              31.835630400000007
            ],
            [
              117.26456659999998,
              31.8357651
            ],
            [
              117.264392,
              31.835756299999996
            ],
            [
              117.2643909,
              31.835772199999994
            ],
            [
              117.2643105,
              31.835768099999992
            ],
            [
              117.2639411,
              31.835747799999996
            ],
            [
              117.2638916,
              31.835746699999994
            ],
            [
              117.26389260000002,
              31.8357325
            ],
            [
              117.26370300000002,
              31.835722600000004
            ],
            [
              117.26371300000001,
              31.8355848
            ]
          ]
        ]
      },
      "properties": {
        "building_id": "way/298766164",
        "name": "数学科学学院",
        "height_m": 12.0,
        "height_source": "assumed default scenario, no measured height",
        "height_uncertainty_m": 6.0,
        "footprint_source": "https://www.openstreetmap.org/way/298766164",
        "coordinate_system_verified": false,
        "source_date": null,
        "osm_tags": {
          "building": "university",
          "name": "数学科学学院",
          "name:zh": "数学科学学院",
          "name:zh-Hans": "数学科学学院",
          "name:zh-Hant": "數學科學學院",
          "operator": "中国科学技术大学",
          "smoking": "no",
          "wheelchair": "yes"
        },
        "simplification_note": "Topology-preserving 0.5 m tolerance; area change <= 2%; flat roof extrusion",
        "footprint_area_m2": 1223.7972261091022,
        "outside_fraction": 0.0
      }
    },
    {
      "type": "Feature",
      "geometry": {
        "type": "Polygon",
        "coordinates": [
          [
            [
              117.26287289999999,
              31.835604499999995
            ],
            [
              117.26279670000001,
              31.835601399999998
            ],
            [
              117.2627911,
              31.8356661
            ],
            [
              117.2626852,
              31.8356645
            ],
            [
              117.2627113,
              31.8352447
            ],
            [
              117.2626406,
              31.83524039999999
            ],
            [
              117.2624791,
              31.8352305
            ],
            [
              117.2624703,
              31.835553900000004
            ],
            [
              117.26241290000002,
              31.835553799999992
            ],
            [
              117.2624107,
              31.835585800000004
            ],
            [
              117.2623529,
              31.835617000000003
            ],
            [
              117.2623207,
              31.8356481
            ],
            [
              117.26230520000001,
              31.8356783
            ],
            [
              117.262303,
              31.8357132
            ],
            [
              117.2623352,
              31.835720799999997
            ],
            [
              117.2623341,
              31.835695300000012
            ],
            [
              117.2624074,
              31.835701000000004
            ],
            [
              117.26243070000001,
              31.835716099999996
            ],
            [
              117.2624596,
              31.835730199999993
            ],
            [
              117.2625073,
              31.835739599999993
            ],
            [
              117.26255510000001,
              31.8357349
            ],
            [
              117.2625995,
              31.835719799999993
            ],
            [
              117.2628372,
              31.8357254
            ],
            [
              117.2628617,
              31.835726
            ],
            [
              117.26287289999999,
              31.835604499999995
            ]
          ]
        ]
      },
      "properties": {
        "building_id": "way/298766431",
        "name": "近代物理系",
        "height_m": 12.0,
        "height_source": "assumed default scenario, no measured height",
        "height_uncertainty_m": 6.0,
        "footprint_source": "https://www.openstreetmap.org/way/298766431",
        "coordinate_system_verified": false,
        "source_date": null,
        "osm_tags": {
          "building": "university",
          "layer": "1",
          "name": "近代物理系",
          "name:zh": "近代物理系",
          "name:zh-Hans": "近代物理系",
          "name:zh-Hant": "近代物理系",
          "operator": "中国科学技术大学",
          "smoking": "no",
          "wheelchair": "yes"
        },
        "simplification_note": "Topology-preserving 0.5 m tolerance; area change <= 2%; flat roof extrusion",
        "footprint_area_m2": 1507.999669741966,
        "outside_fraction": 0.0
      }
    },
    {
      "type": "Feature",
      "geometry": {
        "type": "Polygon",
        "coordinates": [
          [
            [
              117.26263,
              31.837197300000003
            ],
            [
              117.26294010000001,
              31.837212000000005
            ],
            [
              117.26293290000001,
              31.837321099999993
            ],
            [
              117.2626053,
              31.837305600000008
            ],
            [
              117.262609,
              31.8372492
            ],
            [
              117.2626266,
              31.837249999999994
            ],
            [
              117.26263,
              31.837197300000003
            ]
          ]
        ]
      },
      "properties": {
        "building_id": "way/298766878",
        "name": "能源保障中心",
        "height_m": 12.0,
        "height_source": "assumed default scenario, no measured height",
        "height_uncertainty_m": 6.0,
        "footprint_source": "https://www.openstreetmap.org/way/298766878",
        "coordinate_system_verified": false,
        "source_date": null,
        "osm_tags": {
          "building": "yes",
          "name": "能源保障中心",
          "name:zh": "能源保障中心",
          "name:zh-Hans": "能源保障中心",
          "name:zh-Hant": "能源保障中心",
          "operator": "中国科学技术大学",
          "smoking": "no",
          "wheelchair": "yes"
        },
        "simplification_note": "Topology-preserving 0.5 m tolerance; area change <= 2%; flat roof extrusion",
        "footprint_area_m2": 366.3554888251786,
        "outside_fraction": 0.0
      }
    },
    {
      "type": "Feature",
      "geometry": {
        "type": "Polygon",
        "coordinates": [
          [
            [
              117.261519,
              31.840030499999997
            ],
            [
              117.2615669,
              31.8400316
            ],
            [
              117.26156020000002,
              31.840245599999992
            ],
            [
              117.2615124,
              31.840244600000002
            ],
            [
              117.261519,
              31.840030499999997
            ]
          ]
        ]
      },
      "properties": {
        "building_id": "way/298813543",
        "name": "中科大东区正门",
        "height_m": 12.0,
        "height_source": "assumed default scenario, no measured height",
        "height_uncertainty_m": 6.0,
        "footprint_source": "https://www.openstreetmap.org/way/298813543",
        "coordinate_system_verified": false,
        "source_date": null,
        "osm_tags": {
          "addr:city": "合肥",
          "addr:housenumber": "96",
          "addr:postcode": "230026",
          "addr:street": "金寨路",
          "building": "yes",
          "foot": "designated",
          "layer": "1",
          "name": "中科大东区正门",
          "name:zh": "中科大东区正门",
          "name:zh-Hans": "中科大东区正门",
          "name:zh-Hant": "中科大東區正門",
          "operator": "中国科学技术大学",
          "smoking": "no",
          "wheelchair": "yes"
        },
        "simplification_note": "Topology-preserving 0.5 m tolerance; area change <= 2%; flat roof extrusion",
        "footprint_area_m2": 107.49112747646063,
        "outside_fraction": 0.0
      }
    },
    {
      "type": "Feature",
      "geometry": {
        "type": "Polygon",
        "coordinates": [
          [
            [
              117.2616085,
              31.840549499999995
            ],
            [
              117.2617138,
              31.840495399999988
            ],
            [
              117.2618154,
              31.840638000000002
            ],
            [
              117.26185880000001,
              31.840615700000004
            ],
            [
              117.2619045,
              31.840679899999998
            ],
            [
              117.26199559999999,
              31.84080790000001
            ],
            [
              117.26195179999999,
              31.840830300000004
            ],
            [
              117.2623645,
              31.84140999999999
            ],
            [
              117.2622594,
              31.841464000000006
            ],
            [
              117.2616085,
              31.840549499999995
            ]
          ]
        ]
      },
      "properties": {
        "building_id": "way/306371639",
        "name": "高科技广场（北区）",
        "height_m": 12.0,
        "height_source": "assumed default scenario, no measured height",
        "height_uncertainty_m": 6.0,
        "footprint_source": "https://www.openstreetmap.org/way/306371639",
        "coordinate_system_verified": false,
        "source_date": null,
        "osm_tags": {
          "building": "commercial",
          "name": "高科技广场（北区）",
          "name:zh": "高科技广场（北区）",
          "name:zh-Hans": "高科技广场（北区）",
          "name:zh-Hant": "高科技廣場（北區）",
          "operator": "中国科学技术大学",
          "smoking": "no",
          "wheelchair": "yes"
        },
        "simplification_note": "Topology-preserving 0.5 m tolerance; area change <= 2%; flat roof extrusion",
        "footprint_area_m2": 1497.041307005044,
        "outside_fraction": 0.0
      }
    },
    {
      "type": "Feature",
      "geometry": {
        "type": "Polygon",
        "coordinates": [
          [
            [
              117.26228699999999,
              31.84092409999999
            ],
            [
              117.2624358,
              31.840929999999993
            ],
            [
              117.2624125,
              31.841318099999985
            ],
            [
              117.26241,
              31.841332900000015
            ],
            [
              117.262336,
              31.841329499999993
            ],
            [
              117.26227169999999,
              31.841163099999996
            ],
            [
              117.26228699999999,
              31.84092409999999
            ]
          ]
        ]
      },
      "properties": {
        "building_id": "way/306371640",
        "name": "校车队",
        "height_m": 12.0,
        "height_source": "assumed default scenario, no measured height",
        "height_uncertainty_m": 6.0,
        "footprint_source": "https://www.openstreetmap.org/way/306371640",
        "coordinate_system_verified": false,
        "source_date": null,
        "osm_tags": {
          "building": "garages",
          "name": "校车队",
          "name:zh": "校车队",
          "name:zh-Hans": "校车队",
          "name:zh-Hant": "校車隊",
          "operator": "中国科学技术大学",
          "ref": "302#",
          "smoking": "no",
          "wheelchair": "yes"
        },
        "simplification_note": "Topology-preserving 0.5 m tolerance; area change <= 2%; flat roof extrusion",
        "footprint_area_m2": 568.823865684968,
        "outside_fraction": 0.0
      }
    },
    {
      "type": "Feature",
      "geometry": {
        "type": "Polygon",
        "coordinates": [
          [
            [
              117.26228699999999,
              31.84092409999999
            ],
            [
              117.26216660000001,
              31.840919700000004
            ],
            [
              117.2621685,
              31.840884000000003
            ],
            [
              117.2620402,
              31.840879299999994
            ],
            [
              117.2620439,
              31.840806300000004
            ],
            [
              117.26256920000002,
              31.840825599999995
            ],
            [
              117.2625637,
              31.8409347
            ],
            [
              117.2624358,
              31.840929999999993
            ],
            [
              117.26228699999999,
              31.84092409999999
            ]
          ]
        ]
      },
      "properties": {
        "building_id": "way/306371641",
        "name": "",
        "height_m": 12.0,
        "height_source": "assumed default scenario, no measured height",
        "height_uncertainty_m": 6.0,
        "footprint_source": "https://www.openstreetmap.org/way/306371641",
        "coordinate_system_verified": false,
        "source_date": null,
        "osm_tags": {
          "building": "yes",
          "operator": "中国科学技术大学",
          "smoking": "no",
          "wheelchair": "yes"
        },
        "simplification_note": "Topology-preserving 0.5 m tolerance; area change <= 2%; flat roof extrusion",
        "footprint_area_m2": 552.6481633570787,
        "outside_fraction": 0.0
      }
    },
    {
      "type": "Feature",
      "geometry": {
        "type": "Polygon",
        "coordinates": [
          [
            [
              117.26265570000001,
              31.840932699999993
            ],
            [
              117.2627008,
              31.84093539999999
            ],
            [
              117.26273010000001,
              31.840937100000012
            ],
            [
              117.26274770000002,
              31.84071889999999
            ],
            [
              117.26267330000002,
              31.84071459999999
            ],
            [
              117.26265570000001,
              31.840932699999993
            ]
          ]
        ]
      },
      "properties": {
        "building_id": "way/306371643",
        "name": "",
        "height_m": 12.0,
        "height_source": "assumed default scenario, no measured height",
        "height_uncertainty_m": 6.0,
        "footprint_source": "https://www.openstreetmap.org/way/306371643",
        "coordinate_system_verified": false,
        "source_date": null,
        "osm_tags": {
          "building": "yes"
        },
        "simplification_note": "Topology-preserving 0.5 m tolerance; area change <= 2%; flat roof extrusion",
        "footprint_area_m2": 171.03334178006588,
        "outside_fraction": 0.0
      }
    },
    {
      "type": "Feature",
      "geometry": {
        "type": "Polygon",
        "coordinates": [
          [
            [
              117.2626324,
              31.841332900000005
            ],
            [
              117.26262569999999,
              31.8414126
            ],
            [
              117.26254790000002,
              31.841409199999998
            ],
            [
              117.2625493,
              31.841381899999995
            ],
            [
              117.2624581,
              31.84137279999999
            ],
            [
              117.26245409999999,
              31.841387599999994
            ],
            [
              117.26240580000001,
              31.841385299999992
            ],
            [
              117.26241,
              31.841332900000015
            ],
            [
              117.2624125,
              31.841318099999985
            ],
            [
              117.2626324,
              31.841332900000005
            ]
          ]
        ]
      },
      "properties": {
        "building_id": "way/306371644",
        "name": "",
        "height_m": 12.0,
        "height_source": "assumed default scenario, no measured height",
        "height_uncertainty_m": 6.0,
        "footprint_source": "https://www.openstreetmap.org/way/306371644",
        "coordinate_system_verified": false,
        "source_date": null,
        "osm_tags": {
          "building": "yes"
        },
        "simplification_note": "Topology-preserving 0.5 m tolerance; area change <= 2%; flat roof extrusion",
        "footprint_area_m2": 153.25350257480997,
        "outside_fraction": 0.0
      }
    },
    {
      "type": "Feature",
      "geometry": {
        "type": "Polygon",
        "coordinates": [
          [
            [
              117.2665322,
              31.842347399999994
            ],
            [
              117.26652830000002,
              31.842418099999996
            ],
            [
              117.26609390000002,
              31.842400899999998
            ],
            [
              117.2660978,
              31.842330200000003
            ],
            [
              117.2665322,
              31.842347399999994
            ]
          ]
        ]
      },
      "properties": {
        "building_id": "way/334120281",
        "name": "",
        "height_m": 12.0,
        "height_source": "assumed default scenario, no measured height",
        "height_uncertainty_m": 6.0,
        "footprint_source": "https://www.openstreetmap.org/way/334120281",
        "coordinate_system_verified": false,
        "source_date": null,
        "osm_tags": {
          "building": "residential",
          "operator": "中国科学技术大学",
          "ref": "16#",
          "smoking": "no",
          "wheelchair": "yes"
        },
        "simplification_note": "Topology-preserving 0.5 m tolerance; area change <= 2%; flat roof extrusion",
        "footprint_area_m2": 322.7945209078563,
        "outside_fraction": 0.0
      }
    },
    {
      "type": "Feature",
      "geometry": {
        "type": "Polygon",
        "coordinates": [
          [
            [
              117.2659689,
              31.842324500000004
            ],
            [
              117.2659636,
              31.8423916
            ],
            [
              117.26548489999999,
              31.84236419999999
            ],
            [
              117.2654902,
              31.842297199999997
            ],
            [
              117.2659689,
              31.842324500000004
            ]
          ]
        ]
      },
      "properties": {
        "building_id": "way/334120282",
        "name": "",
        "height_m": 12.0,
        "height_source": "assumed default scenario, no measured height",
        "height_uncertainty_m": 6.0,
        "footprint_source": "https://www.openstreetmap.org/way/334120282",
        "coordinate_system_verified": false,
        "source_date": null,
        "osm_tags": {
          "building": "residential",
          "operator": "中国科学技术大学",
          "ref": "8#",
          "smoking": "no",
          "wheelchair": "yes"
        },
        "simplification_note": "Topology-preserving 0.5 m tolerance; area change <= 2%; flat roof extrusion",
        "footprint_area_m2": 338.1338455379575,
        "outside_fraction": 0.0
      }
    },
    {
      "type": "Feature",
      "geometry": {
        "type": "Polygon",
        "coordinates": [
          [
            [
              117.2652528,
              31.842099700000006
            ],
            [
              117.265255,
              31.842039900000007
            ],
            [
              117.26531329999999,
              31.842041499999997
            ],
            [
              117.26531110000002,
              31.842101299999996
            ],
            [
              117.2652528,
              31.842099700000006
            ]
          ]
        ]
      },
      "properties": {
        "building_id": "way/334120554",
        "name": "",
        "height_m": 12.0,
        "height_source": "assumed default scenario, no measured height",
        "height_uncertainty_m": 6.0,
        "footprint_source": "https://www.openstreetmap.org/way/334120554",
        "coordinate_system_verified": false,
        "source_date": null,
        "osm_tags": {
          "building": "yes"
        },
        "simplification_note": "Topology-preserving 0.5 m tolerance; area change <= 2%; flat roof extrusion",
        "footprint_area_m2": 36.599802768564885,
        "outside_fraction": 0.0
      }
    },
    {
      "type": "Feature",
      "geometry": {
        "type": "Polygon",
        "coordinates": [
          [
            [
              117.26526620000001,
              31.8419618
            ],
            [
              117.2652703,
              31.841902599999994
            ],
            [
              117.26532470000001,
              31.841905299999993
            ],
            [
              117.26532049999999,
              31.841964500000003
            ],
            [
              117.26526620000001,
              31.8419618
            ]
          ]
        ]
      },
      "properties": {
        "building_id": "way/334120555",
        "name": "",
        "height_m": 12.0,
        "height_source": "assumed default scenario, no measured height",
        "height_uncertainty_m": 6.0,
        "footprint_source": "https://www.openstreetmap.org/way/334120555",
        "coordinate_system_verified": false,
        "source_date": null,
        "osm_tags": {
          "building": "yes"
        },
        "simplification_note": "Topology-preserving 0.5 m tolerance; area change <= 2%; flat roof extrusion",
        "footprint_area_m2": 33.86120661529091,
        "outside_fraction": 0.0
      }
    },
    {
      "type": "Feature",
      "geometry": {
        "type": "Polygon",
        "coordinates": [
          [
            [
              117.26594540000002,
              31.8421152
            ],
            [
              117.2659375,
              31.842229099999994
            ],
            [
              117.26548150000002,
              31.842206199999996
            ],
            [
              117.26548939999999,
              31.8420923
            ],
            [
              117.26594540000002,
              31.8421152
            ]
          ]
        ]
      },
      "properties": {
        "building_id": "way/334120556",
        "name": "",
        "height_m": 12.0,
        "height_source": "assumed default scenario, no measured height",
        "height_uncertainty_m": 6.0,
        "footprint_source": "https://www.openstreetmap.org/way/334120556",
        "coordinate_system_verified": false,
        "source_date": null,
        "osm_tags": {
          "building": "residential",
          "operator": "中国科学技术大学",
          "ref": "9#",
          "smoking": "no",
          "wheelchair": "yes"
        },
        "simplification_note": "Topology-preserving 0.5 m tolerance; area change <= 2%; flat roof extrusion",
        "footprint_area_m2": 546.5992147953955,
        "outside_fraction": 0.0
      }
    },
    {
      "type": "Feature",
      "geometry": {
        "type": "Polygon",
        "coordinates": [
          [
            [
              117.2660041,
              31.842071400000005
            ],
            [
              117.26653190000002,
              31.8420968
            ],
            [
              117.26652489999998,
              31.842201599999992
            ],
            [
              117.2659971,
              31.842176200000004
            ],
            [
              117.2660041,
              31.842071400000005
            ]
          ]
        ]
      },
      "properties": {
        "building_id": "way/334120557",
        "name": "",
        "height_m": 12.0,
        "height_source": "assumed default scenario, no measured height",
        "height_uncertainty_m": 6.0,
        "footprint_source": "https://www.openstreetmap.org/way/334120557",
        "coordinate_system_verified": false,
        "source_date": null,
        "osm_tags": {
          "building": "residential",
          "operator": "中国科学技术大学",
          "ref": "17#",
          "smoking": "no",
          "wheelchair": "yes"
        },
        "simplification_note": "Topology-preserving 0.5 m tolerance; area change <= 2%; flat roof extrusion",
        "footprint_area_m2": 581.9623854579006,
        "outside_fraction": 0.0
      }
    },
    {
      "type": "Feature",
      "geometry": {
        "type": "Polygon",
        "coordinates": [
          [
            [
              117.2671137,
              31.836979799999988
            ],
            [
              117.2666698,
              31.83697860000001
            ],
            [
              117.2666722,
              31.836364700000008
            ],
            [
              117.2671362,
              31.836366000000005
            ],
            [
              117.26713590000001,
              31.836462900000004
            ],
            [
              117.26693919999998,
              31.836462400000006
            ],
            [
              117.26693879999999,
              31.836569499999996
            ],
            [
              117.26697840000001,
              31.836569700000005
            ],
            [
              117.2669779,
              31.836699699999997
            ],
            [
              117.2669218,
              31.8366996
            ],
            [
              117.2669212,
              31.836856499999993
            ],
            [
              117.2671142,
              31.836856999999995
            ],
            [
              117.2671137,
              31.836979799999988
            ]
          ]
        ]
      },
      "properties": {
        "building_id": "way/511953793",
        "name": "国家电网安徽合肥供电公司",
        "height_m": 12.0,
        "height_source": "assumed default scenario, no measured height",
        "height_uncertainty_m": 6.0,
        "footprint_source": "https://www.openstreetmap.org/way/511953793",
        "coordinate_system_verified": false,
        "source_date": null,
        "osm_tags": {
          "building": "yes",
          "name": "国家电网安徽合肥供电公司",
          "name:zh": "国家电网安徽合肥供电公司",
          "name:zh-Hans": "国家电网安徽合肥供电公司",
          "name:zh-Hant": "國家電網安徽合肥供電公司",
          "office": "company"
        },
        "simplification_note": "Topology-preserving 0.5 m tolerance; area change <= 2%; flat roof extrusion",
        "footprint_area_m2": 2175.7647539954064,
        "outside_fraction": 0.0
      }
    },
    {
      "type": "Feature",
      "geometry": {
        "type": "Polygon",
        "coordinates": [
          [
            [
              117.2642547,
              31.836681099999996
            ],
            [
              117.264278,
              31.836443100000007
            ],
            [
              117.26516320000002,
              31.836484900000006
            ],
            [
              117.2651445,
              31.8367227
            ],
            [
              117.2642547,
              31.836681099999996
            ]
          ]
        ]
      },
      "properties": {
        "building_id": "way/686068242",
        "name": "物质科学教研A楼",
        "height_m": 29.7,
        "height_source": "OSM levels times assumed floor height",
        "height_uncertainty_m": 4.5,
        "footprint_source": "https://www.openstreetmap.org/way/686068242",
        "coordinate_system_verified": false,
        "source_date": null,
        "osm_tags": {
          "building": "university",
          "building:levels": "9",
          "name": "物质科学教研A楼",
          "name:zh": "物质科学教研A楼",
          "name:zh-Hans": "物质科学教研A楼",
          "name:zh-Hant": "物質科學教研A樓",
          "operator": "中国科学技术大学",
          "smoking": "no",
          "start_date": "2018年11月",
          "wheelchair": "yes"
        },
        "simplification_note": "Topology-preserving 0.5 m tolerance; area change <= 2%; flat roof extrusion",
        "footprint_area_m2": 2223.598616349311,
        "outside_fraction": 0.0
      }
    },
    {
      "type": "Feature",
      "geometry": {
        "type": "Polygon",
        "coordinates": [
          [
            [
              117.2651445,
              31.8367227
            ],
            [
              117.26516320000002,
              31.836484900000006
            ],
            [
              117.26517269999998,
              31.83642229999999
            ],
            [
              117.2652549,
              31.836426599999996
            ],
            [
              117.2654239,
              31.83643539999999
            ],
            [
              117.265975,
              31.8364642
            ],
            [
              117.2659342,
              31.836760099999996
            ],
            [
              117.2651445,
              31.8367227
            ]
          ]
        ]
      },
      "properties": {
        "building_id": "way/686068854",
        "name": "物质科学教研B楼",
        "height_m": 52.8,
        "height_source": "OSM levels times assumed floor height",
        "height_uncertainty_m": 8.0,
        "footprint_source": "https://www.openstreetmap.org/way/686068854",
        "coordinate_system_verified": false,
        "source_date": null,
        "osm_tags": {
          "addr:city": "合肥",
          "addr:postcode": "230026",
          "addr:province": "安徽",
          "building": "university",
          "building:levels": "16",
          "name": "物质科学教研B楼",
          "name:zh": "物质科学教研B楼",
          "name:zh-Hans": "物质科学教研B楼",
          "name:zh-Hant": "物質科學教研B樓",
          "operator": "中国科学技术大学",
          "smoking": "no",
          "start_date": "2018年11月",
          "wheelchair": "yes"
        },
        "simplification_note": "Topology-preserving 0.5 m tolerance; area change <= 2%; flat roof extrusion",
        "footprint_area_m2": 2509.228187573874,
        "outside_fraction": 0.0
      }
    },
    {
      "type": "Feature",
      "geometry": {
        "type": "Polygon",
        "coordinates": [
          [
            [
              117.26523440000001,
              31.836069699999985
            ],
            [
              117.2652543,
              31.835816199999996
            ],
            [
              117.2661014,
              31.8358687
            ],
            [
              117.2660741,
              31.836120399999984
            ],
            [
              117.2654637,
              31.83608359999999
            ],
            [
              117.26528620000002,
              31.836072800000004
            ],
            [
              117.26523440000001,
              31.836069699999985
            ]
          ]
        ]
      },
      "properties": {
        "building_id": "way/686069052",
        "name": "物质科学教研C楼",
        "height_m": 52.8,
        "height_source": "OSM levels times assumed floor height",
        "height_uncertainty_m": 8.0,
        "footprint_source": "https://www.openstreetmap.org/way/686069052",
        "coordinate_system_verified": false,
        "source_date": null,
        "osm_tags": {
          "building": "university",
          "building:levels": "16",
          "name": "物质科学教研C楼",
          "name:zh": "物质科学教研C楼",
          "name:zh-Hans": "物质科学教研C楼",
          "name:zh-Hant": "物質科學教研C樓",
          "operator": "中国科学技术大学",
          "smoking": "no",
          "start_date": "2018年11月",
          "wheelchair": "yes"
        },
        "simplification_note": "Topology-preserving 0.5 m tolerance; area change <= 2%; flat roof extrusion",
        "footprint_area_m2": 2247.3896151895547,
        "outside_fraction": 0.0
      }
    },
    {
      "type": "Feature",
      "geometry": {
        "type": "Polygon",
        "coordinates": [
          [
            [
              117.2612127,
              31.836802100000003
            ],
            [
              117.2615271,
              31.836821999999994
            ],
            [
              117.261531,
              31.836732400000006
            ],
            [
              117.2612174,
              31.836714400000005
            ],
            [
              117.2612127,
              31.836802100000003
            ]
          ]
        ]
      },
      "properties": {
        "building_id": "way/686072850",
        "name": "化学与材料科学学院行政楼",
        "height_m": 12.0,
        "height_source": "assumed default scenario, no measured height",
        "height_uncertainty_m": 6.0,
        "footprint_source": "https://www.openstreetmap.org/way/686072850",
        "coordinate_system_verified": false,
        "source_date": null,
        "osm_tags": {
          "building": "yes",
          "name": "化学与材料科学学院行政楼",
          "name:zh": "化学与材料科学学院行政楼",
          "name:zh-Hans": "化学与材料科学学院行政楼",
          "name:zh-Hant": "化學與材料科學學院行政樓",
          "operator": "中国科学技术大学",
          "smoking": "no",
          "wheelchair": "yes"
        },
        "simplification_note": "Topology-preserving 0.5 m tolerance; area change <= 2%; flat roof extrusion",
        "footprint_area_m2": 292.80121193495904,
        "outside_fraction": 0.0
      }
    },
    {
      "type": "Feature",
      "geometry": {
        "type": "Polygon",
        "coordinates": [
          [
            [
              117.2609694,
              31.837686899999994
            ],
            [
              117.26098329999999,
              31.8375783
            ],
            [
              117.26098480000002,
              31.837566199999994
            ],
            [
              117.26099899999998,
              31.8374555
            ],
            [
              117.26079540000002,
              31.837440300000008
            ],
            [
              117.2606601,
              31.8374303
            ],
            [
              117.2605124,
              31.837419300000008
            ],
            [
              117.2603769,
              31.83740919999999
            ],
            [
              117.2603662,
              31.837518600000006
            ],
            [
              117.26036470000001,
              31.837533799999996
            ],
            [
              117.260354,
              31.83764239999999
            ],
            [
              117.26048019999999,
              31.8376515
            ],
            [
              117.26056450000002,
              31.8376576
            ],
            [
              117.2606907,
              31.837666700000003
            ],
            [
              117.26080300000001,
              31.8376749
            ],
            [
              117.2609694,
              31.837686899999994
            ]
          ]
        ]
      },
      "properties": {
        "building_id": "way/1135310336",
        "name": "人文与社会科学学院",
        "height_m": 12.0,
        "height_source": "assumed default scenario, no measured height",
        "height_uncertainty_m": 6.0,
        "footprint_source": "https://www.openstreetmap.org/way/1135310336",
        "coordinate_system_verified": false,
        "source_date": null,
        "osm_tags": {
          "building": "university",
          "name": "人文与社会科学学院",
          "name:zh": "人文与社会科学学院",
          "name:zh-Hans": "人文与社会科学学院",
          "name:zh-Hant": "人文與社會科學學院",
          "operator": "中国科学技术大学",
          "smoking": "no",
          "wheelchair": "yes"
        },
        "simplification_note": "Topology-preserving 0.5 m tolerance; area change <= 2%; flat roof extrusion",
        "footprint_area_m2": 1519.8860212791146,
        "outside_fraction": 0.0
      }
    },
    {
      "type": "Feature",
      "geometry": {
        "type": "Polygon",
        "coordinates": [
          [
            [
              117.2646985,
              31.840146600000004
            ],
            [
              117.26482300000002,
              31.840155400000004
            ],
            [
              117.2648307,
              31.840076000000007
            ],
            [
              117.26483509999998,
              31.840031800000002
            ],
            [
              117.2648416,
              31.839964600000002
            ],
            [
              117.2648014,
              31.83996169999999
            ],
            [
              117.2648256,
              31.8397148
            ],
            [
              117.2647295,
              31.839707999999995
            ],
            [
              117.26470990000001,
              31.839908400000002
            ],
            [
              117.2646753,
              31.839906000000003
            ],
            [
              117.26467189999998,
              31.839941100000004
            ],
            [
              117.2646678,
              31.839983100000012
            ],
            [
              117.26471419999999,
              31.839986299999993
            ],
            [
              117.2646985,
              31.840146600000004
            ]
          ]
        ]
      },
      "properties": {
        "building_id": "way/1135310337",
        "name": "少年班学院",
        "height_m": 12.0,
        "height_source": "assumed default scenario, no measured height",
        "height_uncertainty_m": 6.0,
        "footprint_source": "https://www.openstreetmap.org/way/1135310337",
        "coordinate_system_verified": false,
        "source_date": null,
        "osm_tags": {
          "building": "university",
          "name": "少年班学院",
          "name:zh": "少年班学院",
          "name:zh-Hans": "少年班学院",
          "name:zh-Hant": "少年班學院",
          "operator": "中国科学技术大学",
          "ref": "204#",
          "smoking": "no",
          "wheelchair": "yes"
        },
        "simplification_note": "Topology-preserving 0.5 m tolerance; area change <= 2%; flat roof extrusion",
        "footprint_area_m2": 533.2959546333417,
        "outside_fraction": 0.0
      }
    },
    {
      "type": "Feature",
      "geometry": {
        "type": "Polygon",
        "coordinates": [
          [
            [
              117.26535530000001,
              31.83521029999999
            ],
            [
              117.26543420000002,
              31.8351974
            ],
            [
              117.26550400000002,
              31.834851800000003
            ],
            [
              117.26639909999999,
              31.834762199999993
            ],
            [
              117.2664481,
              31.835029199999994
            ],
            [
              117.2663938,
              31.835040999999993
            ],
            [
              117.2663842,
              31.835504200000003
            ],
            [
              117.26597519999999,
              31.83549019999999
            ],
            [
              117.2659714,
              31.835543899999994
            ],
            [
              117.2653377,
              31.835527200000005
            ],
            [
              117.26535530000001,
              31.83521029999999
            ]
          ]
        ]
      },
      "properties": {
        "building_id": "way/1135310338",
        "name": "地球和空间科学前沿研究中心",
        "height_m": 12.0,
        "height_source": "assumed default scenario, no measured height",
        "height_uncertainty_m": 6.0,
        "footprint_source": "https://www.openstreetmap.org/way/1135310338",
        "coordinate_system_verified": false,
        "source_date": null,
        "osm_tags": {
          "building": "university",
          "name": "地球和空间科学前沿研究中心",
          "name:zh": "地球和空间科学前沿研究中心",
          "name:zh-Hans": "地球和空间科学前沿研究中心",
          "name:zh-Hant": "地球和空間科學前沿研究中心",
          "operator": "中国科学技术大学",
          "smoking": "no",
          "wheelchair": "yes"
        },
        "simplification_note": "Topology-preserving 0.5 m tolerance; area change <= 2%; flat roof extrusion",
        "footprint_area_m2": 7371.075971768929,
        "outside_fraction": 0.0
      }
    },
    {
      "type": "Feature",
      "geometry": {
        "type": "Polygon",
        "coordinates": [
          [
            [
              117.2637272,
              31.83546070000001
            ],
            [
              117.26460079999998,
              31.83551249999999
            ],
            [
              117.26462920000002,
              31.835166400000002
            ],
            [
              117.2645113,
              31.83515940000001
            ],
            [
              117.26451679999998,
              31.83509269999999
            ],
            [
              117.2644893,
              31.835091099999985
            ],
            [
              117.264494,
              31.835033600000003
            ],
            [
              117.2645007,
              31.834951999999987
            ],
            [
              117.2643939,
              31.834945600000005
            ],
            [
              117.264396,
              31.834919900000003
            ],
            [
              117.2640093,
              31.83489710000001
            ],
            [
              117.26400750000002,
              31.834919200000012
            ],
            [
              117.2638755,
              31.8349114
            ],
            [
              117.2638697,
              31.8349825
            ],
            [
              117.2639054,
              31.83498459999999
            ],
            [
              117.2639005,
              31.835045100000002
            ],
            [
              117.2638358,
              31.8350413
            ],
            [
              117.2638301,
              31.835111100000002
            ],
            [
              117.2637563,
              31.835106800000005
            ],
            [
              117.2637272,
              31.83546070000001
            ]
          ]
        ]
      },
      "properties": {
        "building_id": "way/1135310341",
        "name": "理化大楼",
        "height_m": 12.0,
        "height_source": "assumed default scenario, no measured height",
        "height_uncertainty_m": 6.0,
        "footprint_source": "https://www.openstreetmap.org/way/1135310341",
        "coordinate_system_verified": false,
        "source_date": null,
        "osm_tags": {
          "building": "university",
          "name": "理化大楼",
          "name:zh": "理化大楼",
          "name:zh-Hans": "理化大楼",
          "name:zh-Hant": "理化大樓",
          "operator": "中国科学技术大学",
          "smoking": "no",
          "wheelchair": "yes"
        },
        "simplification_note": "Topology-preserving 0.5 m tolerance; area change <= 2%; flat roof extrusion",
        "footprint_area_m2": 4678.966254922288,
        "outside_fraction": 0.0
      }
    },
    {
      "type": "Feature",
      "geometry": {
        "type": "Polygon",
        "coordinates": [
          [
            [
              117.261612,
              31.837611299999992
            ],
            [
              117.26162660000001,
              31.837335999999993
            ],
            [
              117.2620025,
              31.837350399999995
            ],
            [
              117.2619883,
              31.8376164
            ],
            [
              117.2618652,
              31.83761169999999
            ],
            [
              117.2618779,
              31.837373799999995
            ],
            [
              117.26178980000002,
              31.837370400000005
            ],
            [
              117.26177659999999,
              31.837617599999994
            ],
            [
              117.261612,
              31.837611299999992
            ]
          ]
        ]
      },
      "properties": {
        "building_id": "way/1135310342",
        "name": "可再生资源与洁净能源实验室",
        "height_m": 12.0,
        "height_source": "assumed default scenario, no measured height",
        "height_uncertainty_m": 6.0,
        "footprint_source": "https://www.openstreetmap.org/way/1135310342",
        "coordinate_system_verified": false,
        "source_date": null,
        "osm_tags": {
          "building": "university",
          "name": "可再生资源与洁净能源实验室",
          "name:zh": "可再生资源与洁净能源实验室",
          "name:zh-Hans": "可再生资源与洁净能源实验室",
          "name:zh-Hant": "可再生資源與潔淨能源實驗室",
          "operator": "中国科学技术大学",
          "smoking": "no",
          "wheelchair": "yes"
        },
        "simplification_note": "Topology-preserving 0.5 m tolerance; area change <= 2%; flat roof extrusion",
        "footprint_area_m2": 846.5160794798466,
        "outside_fraction": 0.0
      }
    },
    {
      "type": "Feature",
      "geometry": {
        "type": "Polygon",
        "coordinates": [
          [
            [
              117.26283080000002,
              31.8358518
            ],
            [
              117.2628372,
              31.8357254
            ],
            [
              117.2628617,
              31.835726
            ],
            [
              117.26287289999999,
              31.835604499999995
            ],
            [
              117.26342880000001,
              31.835623599999995
            ],
            [
              117.2634167,
              31.835876300000002
            ],
            [
              117.26283080000002,
              31.8358518
            ]
          ]
        ]
      },
      "properties": {
        "building_id": "way/1135310347",
        "name": "单分子科学楼",
        "height_m": 12.0,
        "height_source": "assumed default scenario, no measured height",
        "height_uncertainty_m": 6.0,
        "footprint_source": "https://www.openstreetmap.org/way/1135310347",
        "coordinate_system_verified": false,
        "source_date": null,
        "osm_tags": {
          "building": "university",
          "name": "单分子科学楼",
          "name:zh": "单分子科学楼",
          "name:zh-Hans": "单分子科学楼",
          "name:zh-Hant": "單分子科學樓",
          "operator": "中国科学技术大学",
          "smoking": "no",
          "wheelchair": "yes"
        },
        "simplification_note": "Topology-preserving 0.5 m tolerance; area change <= 2%; flat roof extrusion",
        "footprint_area_m2": 1507.0815289144966,
        "outside_fraction": 0.0
      }
    },
    {
      "type": "Feature",
      "geometry": {
        "type": "Polygon",
        "coordinates": [
          [
            [
              117.2624791,
              31.8352305
            ],
            [
              117.2624818,
              31.835195499999994
            ],
            [
              117.26233610000001,
              31.8351929
            ],
            [
              117.2623543,
              31.835067900000002
            ],
            [
              117.262717,
              31.83507050000001
            ],
            [
              117.262711,
              31.835198100000003
            ],
            [
              117.2626457,
              31.835200700000005
            ],
            [
              117.2626406,
              31.83524039999999
            ],
            [
              117.2624791,
              31.8352305
            ]
          ]
        ]
      },
      "properties": {
        "building_id": "way/1135310348",
        "name": "化学实验楼",
        "height_m": 12.0,
        "height_source": "assumed default scenario, no measured height",
        "height_uncertainty_m": 6.0,
        "footprint_source": "https://www.openstreetmap.org/way/1135310348",
        "coordinate_system_verified": false,
        "source_date": null,
        "osm_tags": {
          "building": "university",
          "name": "化学实验楼",
          "name:zh": "化学实验楼",
          "name:zh-Hans": "化学实验楼",
          "name:zh-Hant": "化學實驗樓",
          "operator": "中国科学技术大学",
          "smoking": "no",
          "wheelchair": "yes"
        },
        "simplification_note": "Topology-preserving 0.5 m tolerance; area change <= 2%; flat roof extrusion",
        "footprint_area_m2": 558.2291126555946,
        "outside_fraction": 0.0
      }
    },
    {
      "type": "Feature",
      "geometry": {
        "type": "Polygon",
        "coordinates": [
          [
            [
              117.2610284,
              31.8355569
            ],
            [
              117.26125240000002,
              31.835538199999995
            ],
            [
              117.26125970000001,
              31.835396700000004
            ],
            [
              117.2612034,
              31.835398800000004
            ],
            [
              117.26119000000001,
              31.835465399999997
            ],
            [
              117.2611104,
              31.8354737
            ],
            [
              117.26110429999999,
              31.835408199999996
            ],
            [
              117.2610345,
              31.835414400000005
            ],
            [
              117.2610284,
              31.8355569
            ]
          ]
        ]
      },
      "properties": {
        "building_id": "way/1135310349",
        "name": "急诊部",
        "height_m": 12.0,
        "height_source": "assumed default scenario, no measured height",
        "height_uncertainty_m": 6.0,
        "footprint_source": "https://www.openstreetmap.org/way/1135310349",
        "coordinate_system_verified": false,
        "source_date": null,
        "osm_tags": {
          "building": "hospital",
          "name": "急诊部",
          "name:zh": "急诊部",
          "name:zh-Hans": "急诊部",
          "name:zh-Hant": "急診部",
          "operator": "中国科学技术大学",
          "smoking": "no",
          "wheelchair": "yes"
        },
        "simplification_note": "Topology-preserving 0.5 m tolerance; area change <= 2%; flat roof extrusion",
        "footprint_area_m2": 274.1924335376977,
        "outside_fraction": 0.0
      }
    },
    {
      "type": "Feature",
      "geometry": {
        "type": "Polygon",
        "coordinates": [
          [
            [
              117.263375,
              31.8427168
            ],
            [
              117.26360280000002,
              31.84272169999999
            ],
            [
              117.2636039,
              31.8426866
            ],
            [
              117.2633761,
              31.842681600000006
            ],
            [
              117.263375,
              31.8427168
            ]
          ]
        ]
      },
      "properties": {
        "building_id": "way/1135310350",
        "name": "中国科学技术大学老北门",
        "height_m": 12.0,
        "height_source": "assumed default scenario, no measured height",
        "height_uncertainty_m": 6.0,
        "footprint_source": "https://www.openstreetmap.org/way/1135310350",
        "coordinate_system_verified": false,
        "source_date": null,
        "osm_tags": {
          "building": "university",
          "layer": "1",
          "name": "中国科学技术大学老北门"
        },
        "simplification_note": "Topology-preserving 0.5 m tolerance; area change <= 2%; flat roof extrusion",
        "footprint_area_m2": 84.03147976224331,
        "outside_fraction": 0.0
      }
    },
    {
      "type": "Feature",
      "geometry": {
        "type": "Polygon",
        "coordinates": [
          [
            [
              117.26588150000002,
              31.839363700000007
            ],
            [
              117.2659971,
              31.839372699999995
            ],
            [
              117.266008,
              31.839271000000004
            ],
            [
              117.26642880000001,
              31.839303699999995
            ],
            [
              117.2664404,
              31.8391953
            ],
            [
              117.26590400000002,
              31.8391538
            ],
            [
              117.26588150000002,
              31.839363700000007
            ]
          ]
        ]
      },
      "properties": {
        "building_id": "way/1135310352",
        "name": "47#",
        "height_m": 12.0,
        "height_source": "assumed default scenario, no measured height",
        "height_uncertainty_m": 6.0,
        "footprint_source": "https://www.openstreetmap.org/way/1135310352",
        "coordinate_system_verified": false,
        "source_date": null,
        "osm_tags": {
          "building": "residential",
          "name": "47#",
          "name:en": "47#",
          "name:zh": "47#",
          "operator": "中国科学技术大学",
          "smoking": "no",
          "wheelchair": "yes"
        },
        "simplification_note": "Topology-preserving 0.5 m tolerance; area change <= 2%; flat roof extrusion",
        "footprint_area_m2": 738.6822366495041,
        "outside_fraction": 0.0
      }
    },
    {
      "type": "Feature",
      "geometry": {
        "type": "Polygon",
        "coordinates": [
          [
            [
              117.26680530000002,
              31.841325099999988
            ],
            [
              117.2672358,
              31.841335099999995
            ],
            [
              117.2672418,
              31.841246200000004
            ],
            [
              117.26715090000002,
              31.841246199999997
            ],
            [
              117.2670482,
              31.84124619999999
            ],
            [
              117.26680530000002,
              31.841241100000005
            ],
            [
              117.26680530000002,
              31.841325099999988
            ]
          ]
        ]
      },
      "properties": {
        "building_id": "way/1135310354",
        "name": "",
        "height_m": 12.0,
        "height_source": "assumed default scenario, no measured height",
        "height_uncertainty_m": 6.0,
        "footprint_source": "https://www.openstreetmap.org/way/1135310354",
        "coordinate_system_verified": false,
        "source_date": null,
        "osm_tags": {
          "access": "private",
          "amenity": "bicycle_parking",
          "bicycle_parking": "shed",
          "building": "yes",
          "operator": "中国科学技术大学",
          "operator:type": "government"
        },
        "simplification_note": "Topology-preserving 0.5 m tolerance; area change <= 2%; flat roof extrusion",
        "footprint_area_m2": 388.0930559658323,
        "outside_fraction": 0.0
      }
    },
    {
      "type": "Feature",
      "geometry": {
        "type": "Polygon",
        "coordinates": [
          [
            [
              117.2668013,
              31.8412194
            ],
            [
              117.2669791,
              31.8412194
            ],
            [
              117.26698299999998,
              31.841184100000003
            ],
            [
              117.2670482,
              31.841189199999995
            ],
            [
              117.2670482,
              31.84124619999999
            ],
            [
              117.26715090000002,
              31.841246199999997
            ],
            [
              117.26716080000001,
              31.841063299999995
            ],
            [
              117.2668738,
              31.841053800000005
            ],
            [
              117.26680779999998,
              31.8410516
            ],
            [
              117.2668013,
              31.8412194
            ]
          ]
        ]
      },
      "properties": {
        "building_id": "way/1135310355",
        "name": "35#",
        "height_m": 12.0,
        "height_source": "assumed default scenario, no measured height",
        "height_uncertainty_m": 6.0,
        "footprint_source": "https://www.openstreetmap.org/way/1135310355",
        "coordinate_system_verified": false,
        "source_date": null,
        "osm_tags": {
          "building": "school",
          "name": "35#",
          "name:en": "35#",
          "name:zh": "35#",
          "operator": "中国科学技术大学",
          "smoking": "no",
          "wheelchair": "yes"
        },
        "simplification_note": "Topology-preserving 0.5 m tolerance; area change <= 2%; flat roof extrusion",
        "footprint_area_m2": 604.2907639589533,
        "outside_fraction": 0.0
      }
    },
    {
      "type": "Feature",
      "geometry": {
        "type": "Polygon",
        "coordinates": [
          [
            [
              117.26655660000002,
              31.840824099999992
            ],
            [
              117.26685980000002,
              31.8408334
            ],
            [
              117.26686740000001,
              31.840745499999993
            ],
            [
              117.2667917,
              31.840743300000003
            ],
            [
              117.2665597,
              31.840733000000007
            ],
            [
              117.26655660000002,
              31.840824099999992
            ]
          ]
        ]
      },
      "properties": {
        "building_id": "way/1135310357",
        "name": "36#",
        "height_m": 12.0,
        "height_source": "assumed default scenario, no measured height",
        "height_uncertainty_m": 6.0,
        "footprint_source": "https://www.openstreetmap.org/way/1135310357",
        "coordinate_system_verified": false,
        "source_date": null,
        "osm_tags": {
          "building": "school",
          "name": "36#",
          "name:en": "36#",
          "name:zh": "36#",
          "operator": "中国科学技术大学",
          "smoking": "no",
          "wheelchair": "yes"
        },
        "simplification_note": "Topology-preserving 0.5 m tolerance; area change <= 2%; flat roof extrusion",
        "footprint_area_m2": 285.907548406479,
        "outside_fraction": 0.0
      }
    },
    {
      "type": "Feature",
      "geometry": {
        "type": "Polygon",
        "coordinates": [
          [
            [
              117.2665459,
              31.840703799999986
            ],
            [
              117.2667929,
              31.840710299999994
            ],
            [
              117.2667917,
              31.840743300000003
            ],
            [
              117.26686740000001,
              31.840745499999993
            ],
            [
              117.26687970000002,
              31.840707799999997
            ],
            [
              117.2671859,
              31.840715900000006
            ],
            [
              117.26718999999999,
              31.840605299999996
            ],
            [
              117.26693279999999,
              31.840598599999996
            ],
            [
              117.26693130000001,
              31.840640899999997
            ],
            [
              117.26683260000001,
              31.840638299999988
            ],
            [
              117.2668342,
              31.84059470000001
            ],
            [
              117.2665501,
              31.840587299999996
            ],
            [
              117.2665459,
              31.840703799999986
            ]
          ]
        ]
      },
      "properties": {
        "building_id": "way/1135310358",
        "name": "37#",
        "height_m": 12.0,
        "height_source": "assumed default scenario, no measured height",
        "height_uncertainty_m": 6.0,
        "footprint_source": "https://www.openstreetmap.org/way/1135310358",
        "coordinate_system_verified": false,
        "source_date": null,
        "osm_tags": {
          "building": "school",
          "name": "37#",
          "name:en": "37#",
          "name:zh": "37#",
          "operator": "中国科学技术大学",
          "smoking": "no",
          "wheelchair": "yes"
        },
        "simplification_note": "Topology-preserving 0.5 m tolerance; area change <= 2%; flat roof extrusion",
        "footprint_area_m2": 747.0055652936553,
        "outside_fraction": 0.0
      }
    },
    {
      "type": "Feature",
      "geometry": {
        "type": "Polygon",
        "coordinates": [
          [
            [
              117.2668448,
              31.8405157
            ],
            [
              117.2669646,
              31.840518299999992
            ],
            [
              117.2669657,
              31.840479399999992
            ],
            [
              117.26704569999998,
              31.840481199999992
            ],
            [
              117.26704380000001,
              31.840546200000002
            ],
            [
              117.26724219999998,
              31.840550499999992
            ],
            [
              117.2672435,
              31.84050679999999
            ],
            [
              117.26727540000002,
              31.840507500000008
            ],
            [
              117.2672784,
              31.840411799999995
            ],
            [
              117.26716770000002,
              31.84040939999999
            ],
            [
              117.2671553,
              31.8404305
            ],
            [
              117.2668475,
              31.840423900000005
            ],
            [
              117.2668448,
              31.8405157
            ]
          ]
        ]
      },
      "properties": {
        "building_id": "way/1135310359",
        "name": "38#",
        "height_m": 12.0,
        "height_source": "assumed default scenario, no measured height",
        "height_uncertainty_m": 6.0,
        "footprint_source": "https://www.openstreetmap.org/way/1135310359",
        "coordinate_system_verified": false,
        "source_date": null,
        "osm_tags": {
          "building": "school",
          "name": "38#",
          "name:en": "38#",
          "name:zh": "38#",
          "operator": "中国科学技术大学",
          "smoking": "no",
          "wheelchair": "yes"
        },
        "simplification_note": "Topology-preserving 0.5 m tolerance; area change <= 2%; flat roof extrusion",
        "footprint_area_m2": 456.7244904165941,
        "outside_fraction": 0.0
      }
    },
    {
      "type": "Feature",
      "geometry": {
        "type": "Polygon",
        "coordinates": [
          [
            [
              117.26685870000001,
              31.840377699999998
            ],
            [
              117.2669966,
              31.8403842
            ],
            [
              117.2669987,
              31.840352600000003
            ],
            [
              117.2671101,
              31.840357900000004
            ],
            [
              117.26710830000002,
              31.840384800000002
            ],
            [
              117.2672651,
              31.840392199999997
            ],
            [
              117.2672712,
              31.840299199999993
            ],
            [
              117.2670048,
              31.840286600000002
            ],
            [
              117.2670068,
              31.8402566
            ],
            [
              117.26686710000001,
              31.840250000000008
            ],
            [
              117.26685870000001,
              31.840377699999998
            ]
          ]
        ]
      },
      "properties": {
        "building_id": "way/1135310360",
        "name": "39#",
        "height_m": 12.0,
        "height_source": "assumed default scenario, no measured height",
        "height_uncertainty_m": 6.0,
        "footprint_source": "https://www.openstreetmap.org/way/1135310360",
        "coordinate_system_verified": false,
        "source_date": null,
        "osm_tags": {
          "building": "school",
          "name": "39#",
          "name:en": "39#",
          "name:zh": "39#",
          "operator": "中国科学技术大学",
          "smoking": "no",
          "wheelchair": "yes"
        },
        "simplification_note": "Topology-preserving 0.5 m tolerance; area change <= 2%; flat roof extrusion",
        "footprint_area_m2": 416.68460382052126,
        "outside_fraction": 0.0
      }
    },
    {
      "type": "Feature",
      "geometry": {
        "type": "Polygon",
        "coordinates": [
          [
            [
              117.26667119999999,
              31.842667199999998
            ],
            [
              117.26739150000002,
              31.842683899999997
            ],
            [
              117.26740080000002,
              31.8426194
            ],
            [
              117.2666851,
              31.8426029
            ],
            [
              117.26667119999999,
              31.842667199999998
            ]
          ]
        ]
      },
      "properties": {
        "building_id": "way/1135310364",
        "name": "固态量子芯片实验室",
        "height_m": 12.0,
        "height_source": "assumed default scenario, no measured height",
        "height_uncertainty_m": 6.0,
        "footprint_source": "https://www.openstreetmap.org/way/1135310364",
        "coordinate_system_verified": false,
        "source_date": null,
        "osm_tags": {
          "building": "university",
          "name": "固态量子芯片实验室",
          "name:zh": "固态量子芯片实验室",
          "name:zh-Hans": "固态量子芯片实验室",
          "name:zh-Hant": "固態量子芯片實驗室",
          "operator": "中国科学技术大学",
          "smoking": "no",
          "wheelchair": "yes"
        },
        "simplification_note": "Topology-preserving 0.5 m tolerance; area change <= 2%; flat roof extrusion",
        "footprint_area_m2": 486.948883714796,
        "outside_fraction": 0.0
      }
    },
    {
      "type": "Feature",
      "geometry": {
        "type": "Polygon",
        "coordinates": [
          [
            [
              117.26668830000001,
              31.842501100000007
            ],
            [
              117.26711799999998,
              31.84250839999999
            ],
            [
              117.26711799999998,
              31.842424199999993
            ],
            [
              117.266692,
              31.842416899999996
            ],
            [
              117.26668830000001,
              31.842501100000007
            ]
          ]
        ]
      },
      "properties": {
        "building_id": "way/1135310365",
        "name": "23#",
        "height_m": 12.0,
        "height_source": "assumed default scenario, no measured height",
        "height_uncertainty_m": 6.0,
        "footprint_source": "https://www.openstreetmap.org/way/1135310365",
        "coordinate_system_verified": false,
        "source_date": null,
        "osm_tags": {
          "building": "residential",
          "name": "23#",
          "name:en": "23#",
          "name:zh": "23#",
          "operator": "中国科学技术大学",
          "smoking": "no",
          "wheelchair": "yes"
        },
        "simplification_note": "Topology-preserving 0.5 m tolerance; area change <= 2%; flat roof extrusion",
        "footprint_area_m2": 377.9509429078337,
        "outside_fraction": 0.0
      }
    },
    {
      "type": "Feature",
      "geometry": {
        "type": "Polygon",
        "coordinates": [
          [
            [
              117.2671499,
              31.842540600000003
            ],
            [
              117.2671526,
              31.842440900000003
            ],
            [
              117.26731440000002,
              31.842449099999993
            ],
            [
              117.2673066,
              31.842550999999997
            ],
            [
              117.2671499,
              31.842540600000003
            ]
          ]
        ]
      },
      "properties": {
        "building_id": "way/1135310366",
        "name": "24#",
        "height_m": 12.0,
        "height_source": "assumed default scenario, no measured height",
        "height_uncertainty_m": 6.0,
        "footprint_source": "https://www.openstreetmap.org/way/1135310366",
        "coordinate_system_verified": false,
        "source_date": null,
        "osm_tags": {
          "building": "residential",
          "name": "24#",
          "name:en": "24#",
          "name:zh": "24#",
          "operator": "中国科学技术大学",
          "smoking": "no",
          "wheelchair": "yes"
        },
        "simplification_note": "Topology-preserving 0.5 m tolerance; area change <= 2%; flat roof extrusion",
        "footprint_area_m2": 168.86039255686939,
        "outside_fraction": 0.0
      }
    },
    {
      "type": "Feature",
      "geometry": {
        "type": "Polygon",
        "coordinates": [
          [
            [
              117.26551840000002,
              31.841525600000004
            ],
            [
              117.26596340000002,
              31.841555000000003
            ],
            [
              117.26597390000002,
              31.841438800000006
            ],
            [
              117.2655334,
              31.8414094
            ],
            [
              117.26551840000002,
              31.841525600000004
            ]
          ]
        ]
      },
      "properties": {
        "building_id": "way/1135360036",
        "name": "12#",
        "height_m": 12.0,
        "height_source": "assumed default scenario, no measured height",
        "height_uncertainty_m": 6.0,
        "footprint_source": "https://www.openstreetmap.org/way/1135360036",
        "coordinate_system_verified": false,
        "source_date": null,
        "osm_tags": {
          "building": "residential",
          "name": "12#",
          "name:en": "12#",
          "name:zh": "12#",
          "operator": "中国科学技术大学",
          "smoking": "no",
          "wheelchair": "yes"
        },
        "simplification_note": "Topology-preserving 0.5 m tolerance; area change <= 2%; flat roof extrusion",
        "footprint_area_m2": 543.4893213340215,
        "outside_fraction": 0.0
      }
    },
    {
      "type": "Feature",
      "geometry": {
        "type": "Polygon",
        "coordinates": [
          [
            [
              117.26608820000001,
              31.8415512
            ],
            [
              117.2665858,
              31.8415831
            ],
            [
              117.2665978,
              31.841463100000006
            ],
            [
              117.26609870000001,
              31.841432399999995
            ],
            [
              117.26608820000001,
              31.8415512
            ]
          ]
        ]
      },
      "properties": {
        "building_id": "way/1135360037",
        "name": "19#",
        "height_m": 12.0,
        "height_source": "assumed default scenario, no measured height",
        "height_uncertainty_m": 6.0,
        "footprint_source": "https://www.openstreetmap.org/way/1135360037",
        "coordinate_system_verified": false,
        "source_date": null,
        "osm_tags": {
          "building": "residential",
          "name": "19#",
          "name:en": "19#",
          "name:zh": "19#",
          "operator": "中国科学技术大学",
          "smoking": "no",
          "wheelchair": "yes"
        },
        "simplification_note": "Topology-preserving 0.5 m tolerance; area change <= 2%; flat roof extrusion",
        "footprint_area_m2": 627.7325643930801,
        "outside_fraction": 0.0
      }
    },
    {
      "type": "Feature",
      "geometry": {
        "type": "Polygon",
        "coordinates": [
          [
            [
              117.26555140000002,
              31.84132899999999
            ],
            [
              117.2659784,
              31.8413609
            ],
            [
              117.265995,
              31.841252299999994
            ],
            [
              117.26556800000002,
              31.841221699999995
            ],
            [
              117.26555140000002,
              31.84132899999999
            ]
          ]
        ]
      },
      "properties": {
        "building_id": "way/1135360038",
        "name": "13#",
        "height_m": 12.0,
        "height_source": "assumed default scenario, no measured height",
        "height_uncertainty_m": 6.0,
        "footprint_source": "https://www.openstreetmap.org/way/1135360038",
        "coordinate_system_verified": false,
        "source_date": null,
        "osm_tags": {
          "building": "residential",
          "name": "13#",
          "name:en": "13#",
          "name:zh": "13#",
          "operator": "中国科学技术大学",
          "smoking": "no",
          "wheelchair": "yes"
        },
        "simplification_note": "Topology-preserving 0.5 m tolerance; area change <= 2%; flat roof extrusion",
        "footprint_area_m2": 488.86072354777684,
        "outside_fraction": 0.0
      }
    },
    {
      "type": "Feature",
      "geometry": {
        "type": "Polygon",
        "coordinates": [
          [
            [
              117.26614079999999,
              31.841334100000005
            ],
            [
              117.2666009,
              31.8413673
            ],
            [
              117.26661590000002,
              31.8412536
            ],
            [
              117.26615279999999,
              31.841226799999994
            ],
            [
              117.26614079999999,
              31.841334100000005
            ]
          ]
        ]
      },
      "properties": {
        "building_id": "way/1135360039",
        "name": "20#",
        "height_m": 12.0,
        "height_source": "assumed default scenario, no measured height",
        "height_uncertainty_m": 6.0,
        "footprint_source": "https://www.openstreetmap.org/way/1135360039",
        "coordinate_system_verified": false,
        "source_date": null,
        "osm_tags": {
          "building": "residential",
          "name": "20#",
          "name:en": "20#",
          "name:zh": "20#",
          "operator": "中国科学技术大学",
          "smoking": "no",
          "wheelchair": "yes"
        },
        "simplification_note": "Topology-preserving 0.5 m tolerance; area change <= 2%; flat roof extrusion",
        "footprint_area_m2": 539.1842234001244,
        "outside_fraction": 0.0
      }
    },
    {
      "type": "Feature",
      "geometry": {
        "type": "Polygon",
        "coordinates": [
          [
            [
              117.26559539999998,
              31.841077000000002
            ],
            [
              117.2659924,
              31.841108900000002
            ],
            [
              117.2660044,
              31.841009299999993
            ],
            [
              117.2656105,
              31.840981200000005
            ],
            [
              117.26559539999998,
              31.841077000000002
            ]
          ]
        ]
      },
      "properties": {
        "building_id": "way/1135360044",
        "name": "14#",
        "height_m": 12.0,
        "height_source": "assumed default scenario, no measured height",
        "height_uncertainty_m": 6.0,
        "footprint_source": "https://www.openstreetmap.org/way/1135360044",
        "coordinate_system_verified": false,
        "source_date": null,
        "osm_tags": {
          "building": "residential",
          "name": "14#",
          "name:en": "14#",
          "name:zh": "14#",
          "operator": "中国科学技术大学",
          "smoking": "no",
          "wheelchair": "yes"
        },
        "simplification_note": "Topology-preserving 0.5 m tolerance; area change <= 2%; flat roof extrusion",
        "footprint_area_m2": 409.4559479061502,
        "outside_fraction": 0.0
      }
    },
    {
      "type": "Feature",
      "geometry": {
        "type": "Polygon",
        "coordinates": [
          [
            [
              117.26616830000002,
              31.84114080000001
            ],
            [
              117.26676399999998,
              31.841168299999996
            ],
            [
              117.2667718,
              31.8410276
            ],
            [
              117.26618030000002,
              31.841013099999994
            ],
            [
              117.26616830000002,
              31.84114080000001
            ]
          ]
        ]
      },
      "properties": {
        "building_id": "way/1135360045",
        "name": "21#",
        "height_m": 12.0,
        "height_source": "assumed default scenario, no measured height",
        "height_uncertainty_m": 6.0,
        "footprint_source": "https://www.openstreetmap.org/way/1135360045",
        "coordinate_system_verified": false,
        "source_date": null,
        "osm_tags": {
          "building": "residential",
          "name": "21#",
          "name:en": "21#",
          "name:zh": "21#",
          "operator": "中国科学技术大学",
          "smoking": "no",
          "wheelchair": "yes"
        },
        "simplification_note": "Topology-preserving 0.5 m tolerance; area change <= 2%; flat roof extrusion",
        "footprint_area_m2": 837.6328721471857,
        "outside_fraction": 0.0
      }
    },
    {
      "type": "Feature",
      "geometry": {
        "type": "Polygon",
        "coordinates": [
          [
            [
              117.2657413,
              31.840795999999997
            ],
            [
              117.265833,
              31.840804900000002
            ],
            [
              117.2658811,
              31.840761499999992
            ],
            [
              117.2658886,
              31.840659299999995
            ],
            [
              117.2657533,
              31.8406504
            ],
            [
              117.2657413,
              31.840795999999997
            ]
          ]
        ]
      },
      "properties": {
        "building_id": "way/1135360046",
        "name": "退休教职工活动中心",
        "height_m": 12.0,
        "height_source": "assumed default scenario, no measured height",
        "height_uncertainty_m": 6.0,
        "footprint_source": "https://www.openstreetmap.org/way/1135360046",
        "coordinate_system_verified": false,
        "source_date": null,
        "osm_tags": {
          "building": "residential",
          "name": "退休教职工活动中心",
          "name:zh": "退休教职工活动中心",
          "name:zh-Hans": "退休教职工活动中心",
          "name:zh-Hant": "退休教職工活動中心",
          "operator": "中国科学技术大学",
          "smoking": "no",
          "wheelchair": "yes"
        },
        "simplification_note": "Topology-preserving 0.5 m tolerance; area change <= 2%; flat roof extrusion",
        "footprint_area_m2": 200.53986800431284,
        "outside_fraction": 0.0
      }
    },
    {
      "type": "Feature",
      "geometry": {
        "type": "Polygon",
        "coordinates": [
          [
            [
              117.26594720000001,
              31.840807500000004
            ],
            [
              117.2663321,
              31.8408254
            ],
            [
              117.26634120000001,
              31.840718099999997
            ],
            [
              117.26595629999998,
              31.8407091
            ],
            [
              117.26594720000001,
              31.840807500000004
            ]
          ]
        ]
      },
      "properties": {
        "building_id": "way/1135360047",
        "name": "41#",
        "height_m": 12.0,
        "height_source": "assumed default scenario, no measured height",
        "height_uncertainty_m": 6.0,
        "footprint_source": "https://www.openstreetmap.org/way/1135360047",
        "coordinate_system_verified": false,
        "source_date": null,
        "osm_tags": {
          "building": "residential",
          "name": "41#",
          "name:en": "41#",
          "name:zh": "41#",
          "operator": "中国科学技术大学",
          "smoking": "no",
          "wheelchair": "yes"
        },
        "simplification_note": "Topology-preserving 0.5 m tolerance; area change <= 2%; flat roof extrusion",
        "footprint_area_m2": 416.45655306535593,
        "outside_fraction": 0.0
      }
    },
    {
      "type": "Feature",
      "geometry": {
        "type": "Polygon",
        "coordinates": [
          [
            [
              117.2657831,
              31.840524000000002
            ],
            [
              117.26633879999999,
              31.840537
            ],
            [
              117.26633879999999,
              31.840431499999998
            ],
            [
              117.2657888,
              31.840403999999992
            ],
            [
              117.2657831,
              31.840524000000002
            ]
          ]
        ]
      },
      "properties": {
        "building_id": "way/1135360048",
        "name": "42#",
        "height_m": 12.0,
        "height_source": "assumed default scenario, no measured height",
        "height_uncertainty_m": 6.0,
        "footprint_source": "https://www.openstreetmap.org/way/1135360048",
        "coordinate_system_verified": false,
        "source_date": null,
        "osm_tags": {
          "building": "residential",
          "name": "42#",
          "name:en": "42#",
          "name:zh": "42#",
          "operator": "中国科学技术大学",
          "smoking": "no",
          "wheelchair": "yes"
        },
        "simplification_note": "Topology-preserving 0.5 m tolerance; area change <= 2%; flat roof extrusion",
        "footprint_area_m2": 654.3407137862139,
        "outside_fraction": 0.0
      }
    },
    {
      "type": "Feature",
      "geometry": {
        "type": "Polygon",
        "coordinates": [
          [
            [
              117.26580980000001,
              31.840309900000005
            ],
            [
              117.2661631,
              31.8403293
            ],
            [
              117.26616689999999,
              31.8402482
            ],
            [
              117.2658174,
              31.84023039999999
            ],
            [
              117.26580980000001,
              31.840309900000005
            ]
          ]
        ]
      },
      "properties": {
        "building_id": "way/1135360049",
        "name": "43#",
        "height_m": 12.0,
        "height_source": "assumed default scenario, no measured height",
        "height_uncertainty_m": 6.0,
        "footprint_source": "https://www.openstreetmap.org/way/1135360049",
        "coordinate_system_verified": false,
        "source_date": null,
        "osm_tags": {
          "building": "university",
          "name": "43#",
          "name:en": "43#",
          "name:zh": "43#",
          "operator": "中国科学技术大学",
          "smoking": "no",
          "wheelchair": "yes"
        },
        "simplification_note": "Topology-preserving 0.5 m tolerance; area change <= 2%; flat roof extrusion",
        "footprint_area_m2": 297.0469224212957,
        "outside_fraction": 0.0
      }
    },
    {
      "type": "Feature",
      "geometry": {
        "type": "Polygon",
        "coordinates": [
          [
            [
              117.2658327,
              31.840191400000002
            ],
            [
              117.26643809999999,
              31.840227100000003
            ],
            [
              117.26643809999999,
              31.840110299999992
            ],
            [
              117.2658442,
              31.840084400000002
            ],
            [
              117.2658327,
              31.840191400000002
            ]
          ]
        ]
      },
      "properties": {
        "building_id": "way/1135360050",
        "name": "44#",
        "height_m": 12.0,
        "height_source": "assumed default scenario, no measured height",
        "height_uncertainty_m": 6.0,
        "footprint_source": "https://www.openstreetmap.org/way/1135360050",
        "coordinate_system_verified": false,
        "source_date": null,
        "osm_tags": {
          "building": "residential",
          "name": "44#",
          "name:en": "44#",
          "name:zh": "44#",
          "operator": "中国科学技术大学",
          "smoking": "no",
          "wheelchair": "yes"
        },
        "simplification_note": "Topology-preserving 0.5 m tolerance; area change <= 2%; flat roof extrusion",
        "footprint_area_m2": 705.5898764140247,
        "outside_fraction": 0.0
      }
    },
    {
      "type": "Feature",
      "geometry": {
        "type": "Polygon",
        "coordinates": [
          [
            [
              117.2658385,
              31.83991569999999
            ],
            [
              117.26644,
              31.839953
            ],
            [
              117.2664457,
              31.839831300000004
            ],
            [
              117.2662946,
              31.839824299999997
            ],
            [
              117.26585370000001,
              31.839803699999997
            ],
            [
              117.2658385,
              31.83991569999999
            ]
          ]
        ]
      },
      "properties": {
        "building_id": "way/1135360051",
        "name": "45#",
        "height_m": 12.0,
        "height_source": "assumed default scenario, no measured height",
        "height_uncertainty_m": 6.0,
        "footprint_source": "https://www.openstreetmap.org/way/1135360051",
        "coordinate_system_verified": false,
        "source_date": null,
        "osm_tags": {
          "building": "residential",
          "name": "45#",
          "name:en": "45#",
          "name:zh": "45#",
          "operator": "中国科学技术大学",
          "smoking": "no",
          "wheelchair": "yes"
        },
        "simplification_note": "Topology-preserving 0.5 m tolerance; area change <= 2%; flat roof extrusion",
        "footprint_area_m2": 734.7299947476658,
        "outside_fraction": 0.0
      }
    },
    {
      "type": "Feature",
      "geometry": {
        "type": "Polygon",
        "coordinates": [
          [
            [
              117.2652549,
              31.836426599999996
            ],
            [
              117.26528620000002,
              31.836072800000004
            ],
            [
              117.2654637,
              31.83608359999999
            ],
            [
              117.2654239,
              31.83643539999999
            ],
            [
              117.2652549,
              31.836426599999996
            ]
          ]
        ]
      },
      "properties": {
        "building_id": "way/1135360053",
        "name": "裙楼",
        "height_m": 12.0,
        "height_source": "assumed default scenario, no measured height",
        "height_uncertainty_m": 6.0,
        "footprint_source": "https://www.openstreetmap.org/way/1135360053",
        "coordinate_system_verified": false,
        "source_date": null,
        "osm_tags": {
          "building": "university",
          "name": "裙楼",
          "name:zh": "裙楼",
          "name:zh-Hans": "裙楼",
          "name:zh-Hant": "裙樓",
          "operator": "中国科学技术大学",
          "smoking": "no",
          "wheelchair": "yes"
        },
        "simplification_note": "Topology-preserving 0.5 m tolerance; area change <= 2%; flat roof extrusion",
        "footprint_area_m2": 644.7150578280975,
        "outside_fraction": 0.0
      }
    },
    {
      "type": "Feature",
      "geometry": {
        "type": "Polygon",
        "coordinates": [
          [
            [
              117.2667104,
              31.8422628
            ],
            [
              117.2671373,
              31.842287500000005
            ],
            [
              117.2671373,
              31.842194800000012
            ],
            [
              117.2667104,
              31.842174199999995
            ],
            [
              117.2667104,
              31.8422628
            ]
          ]
        ]
      },
      "properties": {
        "building_id": "way/1135360055",
        "name": "27#",
        "height_m": 12.0,
        "height_source": "assumed default scenario, no measured height",
        "height_uncertainty_m": 6.0,
        "footprint_source": "https://www.openstreetmap.org/way/1135360055",
        "coordinate_system_verified": false,
        "source_date": null,
        "osm_tags": {
          "building": "residential",
          "name": "27#",
          "name:en": "27#",
          "name:zh": "27#",
          "operator": "中国科学技术大学",
          "smoking": "no",
          "wheelchair": "yes"
        },
        "simplification_note": "Topology-preserving 0.5 m tolerance; area change <= 2%; flat roof extrusion",
        "footprint_area_m2": 405.84860100993666,
        "outside_fraction": 0.0
      }
    },
    {
      "type": "Feature",
      "geometry": {
        "type": "Polygon",
        "coordinates": [
          [
            [
              117.26717260000001,
              31.842325299999985
            ],
            [
              117.2673041,
              31.842329300000003
            ],
            [
              117.2673005,
              31.842414200000004
            ],
            [
              117.2674525,
              31.842418799999994
            ],
            [
              117.26745780000002,
              31.842291
            ],
            [
              117.2673386,
              31.842287399999993
            ],
            [
              117.26734149999999,
              31.842215099999994
            ],
            [
              117.26717730000001,
              31.842210199999993
            ],
            [
              117.26717260000001,
              31.842325299999985
            ]
          ]
        ]
      },
      "properties": {
        "building_id": "way/1135360056",
        "name": "25#",
        "height_m": 12.0,
        "height_source": "assumed default scenario, no measured height",
        "height_uncertainty_m": 6.0,
        "footprint_source": "https://www.openstreetmap.org/way/1135360056",
        "coordinate_system_verified": false,
        "source_date": null,
        "osm_tags": {
          "building": "residential",
          "name": "25#",
          "name:en": "24#",
          "name:zh": "24#",
          "operator": "中国科学技术大学",
          "smoking": "no",
          "wheelchair": "yes"
        },
        "simplification_note": "Topology-preserving 0.5 m tolerance; area change <= 2%; flat roof extrusion",
        "footprint_area_m2": 387.7318807438243,
        "outside_fraction": 0.0
      }
    },
    {
      "type": "Feature",
      "geometry": {
        "type": "Polygon",
        "coordinates": [
          [
            [
              117.2667347,
              31.842027899999998
            ],
            [
              117.267113,
              31.8420588
            ],
            [
              117.26712760000001,
              31.841929000000004
            ],
            [
              117.26674679999999,
              31.841900199999994
            ],
            [
              117.2667347,
              31.842027899999998
            ]
          ]
        ]
      },
      "properties": {
        "building_id": "way/1135360057",
        "name": "28#",
        "height_m": 12.0,
        "height_source": "assumed default scenario, no measured height",
        "height_uncertainty_m": 6.0,
        "footprint_source": "https://www.openstreetmap.org/way/1135360057",
        "coordinate_system_verified": false,
        "source_date": null,
        "osm_tags": {
          "building": "residential",
          "name": "28#",
          "name:en": "28#",
          "name:zh": "28#",
          "operator": "中国科学技术大学",
          "smoking": "no",
          "wheelchair": "yes"
        },
        "simplification_note": "Topology-preserving 0.5 m tolerance; area change <= 2%; flat roof extrusion",
        "footprint_area_m2": 516.6716903997888,
        "outside_fraction": 0.0
      }
    },
    {
      "type": "Feature",
      "geometry": {
        "type": "Polygon",
        "coordinates": [
          [
            [
              117.267164,
              31.8420506
            ],
            [
              117.26732650000001,
              31.842065
            ],
            [
              117.26732650000001,
              31.84212890000001
            ],
            [
              117.2674769,
              31.842137100000006
            ],
            [
              117.2674817,
              31.8420032
            ],
            [
              117.2673338,
              31.8420053
            ],
            [
              117.2673362,
              31.841939299999993
            ],
            [
              117.2671688,
              31.841929000000004
            ],
            [
              117.267164,
              31.8420506
            ]
          ]
        ]
      },
      "properties": {
        "building_id": "way/1135360058",
        "name": "26#",
        "height_m": 12.0,
        "height_source": "assumed default scenario, no measured height",
        "height_uncertainty_m": 6.0,
        "footprint_source": "https://www.openstreetmap.org/way/1135360058",
        "coordinate_system_verified": false,
        "source_date": null,
        "osm_tags": {
          "building": "residential",
          "name": "26#",
          "name:en": "26#",
          "name:zh": "26#",
          "operator": "中国科学技术大学",
          "smoking": "no",
          "wheelchair": "yes"
        },
        "simplification_note": "Topology-preserving 0.5 m tolerance; area change <= 2%; flat roof extrusion",
        "footprint_area_m2": 420.6486687608481,
        "outside_fraction": 0.0
      }
    },
    {
      "type": "Feature",
      "geometry": {
        "type": "Polygon",
        "coordinates": [
          [
            [
              117.26676660000001,
              31.841790000000003
            ],
            [
              117.2671304,
              31.84181269999999
            ],
            [
              117.2671352,
              31.841691099999995
            ],
            [
              117.2667763,
              31.841674599999987
            ],
            [
              117.26676660000001,
              31.841790000000003
            ]
          ]
        ]
      },
      "properties": {
        "building_id": "way/1135360059",
        "name": "29#",
        "height_m": 12.0,
        "height_source": "assumed default scenario, no measured height",
        "height_uncertainty_m": 6.0,
        "footprint_source": "https://www.openstreetmap.org/way/1135360059",
        "coordinate_system_verified": false,
        "source_date": null,
        "osm_tags": {
          "building": "residential",
          "name": "29#",
          "name:en": "29#",
          "name:zh": "29#",
          "operator": "中国科学技术大学",
          "smoking": "no",
          "wheelchair": "yes"
        },
        "simplification_note": "Topology-preserving 0.5 m tolerance; area change <= 2%; flat roof extrusion",
        "footprint_area_m2": 450.5651559870792,
        "outside_fraction": 0.0
      }
    },
    {
      "type": "Feature",
      "geometry": {
        "type": "Polygon",
        "coordinates": [
          [
            [
              117.2671789,
              31.841798199999992
            ],
            [
              117.2673293,
              31.841802400000002
            ],
            [
              117.2673269,
              31.841901299999996
            ],
            [
              117.26748939999999,
              31.841909499999996
            ],
            [
              117.2675015,
              31.841738499999995
            ],
            [
              117.2673341,
              31.8417385
            ],
            [
              117.26733900000002,
              31.841678699999996
            ],
            [
              117.2671813,
              31.841678700000003
            ],
            [
              117.2671789,
              31.841798199999992
            ]
          ]
        ]
      },
      "properties": {
        "building_id": "way/1135360060",
        "name": "33#",
        "height_m": 12.0,
        "height_source": "assumed default scenario, no measured height",
        "height_uncertainty_m": 6.0,
        "footprint_source": "https://www.openstreetmap.org/way/1135360060",
        "coordinate_system_verified": false,
        "source_date": null,
        "osm_tags": {
          "building": "residential",
          "name": "33#",
          "name:en": "33#",
          "name:zh": "33#",
          "operator": "中国科学技术大学",
          "smoking": "no",
          "wheelchair": "yes"
        },
        "simplification_note": "Topology-preserving 0.5 m tolerance; area change <= 2%; flat roof extrusion",
        "footprint_area_m2": 487.27618926941756,
        "outside_fraction": 0.0
      }
    },
    {
      "type": "Feature",
      "geometry": {
        "type": "Polygon",
        "coordinates": [
          [
            [
              117.26673989999999,
              31.841538599999993
            ],
            [
              117.2672856,
              31.841553
            ],
            [
              117.2672978,
              31.841419100000003
            ],
            [
              117.26675199999998,
              31.841410899999993
            ],
            [
              117.26673989999999,
              31.841538599999993
            ]
          ]
        ]
      },
      "properties": {
        "building_id": "way/1135360061",
        "name": "30#",
        "height_m": 12.0,
        "height_source": "assumed default scenario, no measured height",
        "height_uncertainty_m": 6.0,
        "footprint_source": "https://www.openstreetmap.org/way/1135360061",
        "coordinate_system_verified": false,
        "source_date": null,
        "osm_tags": {
          "building": "residential",
          "name": "30#",
          "name:en": "30#",
          "name:zh": "30#",
          "operator": "中国科学技术大学",
          "smoking": "no",
          "wheelchair": "yes"
        },
        "simplification_note": "Topology-preserving 0.5 m tolerance; area change <= 2%; flat roof extrusion",
        "footprint_area_m2": 750.0833589421775,
        "outside_fraction": 0.0
      }
    },
    {
      "type": "Feature",
      "geometry": {
        "type": "Polygon",
        "coordinates": [
          [
            [
              117.2673244,
              31.8416004
            ],
            [
              117.26733900000002,
              31.841478899999995
            ],
            [
              117.26750880000002,
              31.84148499999999
            ],
            [
              117.26749419999999,
              31.8416066
            ],
            [
              117.2673244,
              31.8416004
            ]
          ]
        ]
      },
      "properties": {
        "building_id": "way/1135360062",
        "name": "34#",
        "height_m": 12.0,
        "height_source": "assumed default scenario, no measured height",
        "height_uncertainty_m": 6.0,
        "footprint_source": "https://www.openstreetmap.org/way/1135360062",
        "coordinate_system_verified": false,
        "source_date": null,
        "osm_tags": {
          "building": "residential",
          "name": "34#",
          "name:en": "34#",
          "name:zh": "34#",
          "operator": "中国科学技术大学",
          "smoking": "no",
          "wheelchair": "yes"
        },
        "simplification_note": "Topology-preserving 0.5 m tolerance; area change <= 2%; flat roof extrusion",
        "footprint_area_m2": 217.3958345355528,
        "outside_fraction": 0.0
      }
    },
    {
      "type": "Feature",
      "geometry": {
        "type": "Polygon",
        "coordinates": [
          [
            [
              117.2658813,
              31.839022699999997
            ],
            [
              117.2664197,
              31.839053599999993
            ],
            [
              117.2664391,
              31.838901100000008
            ],
            [
              117.26590310000002,
              31.8388702
            ],
            [
              117.2658813,
              31.839022699999997
            ]
          ]
        ]
      },
      "properties": {
        "building_id": "way/1135360065",
        "name": "67#",
        "height_m": 12.0,
        "height_source": "assumed default scenario, no measured height",
        "height_uncertainty_m": 6.0,
        "footprint_source": "https://www.openstreetmap.org/way/1135360065",
        "coordinate_system_verified": false,
        "source_date": null,
        "osm_tags": {
          "building": "residential",
          "name": "67#",
          "name:en": "67#",
          "name:zh": "67#",
          "operator": "中国科学技术大学",
          "smoking": "no",
          "wheelchair": "yes"
        },
        "simplification_note": "Topology-preserving 0.5 m tolerance; area change <= 2%; flat roof extrusion",
        "footprint_area_m2": 865.8694279317095,
        "outside_fraction": 0.0
      }
    },
    {
      "type": "Feature",
      "geometry": {
        "type": "Polygon",
        "coordinates": [
          [
            [
              117.2659201,
              31.838754800000004
            ],
            [
              117.2660899,
              31.838767199999992
            ],
            [
              117.26610440000002,
              31.838631199999995
            ],
            [
              117.2659346,
              31.8386188
            ],
            [
              117.2659201,
              31.838754800000004
            ]
          ]
        ]
      },
      "properties": {
        "building_id": "way/1135360066",
        "name": "68#",
        "height_m": 12.0,
        "height_source": "assumed default scenario, no measured height",
        "height_uncertainty_m": 6.0,
        "footprint_source": "https://www.openstreetmap.org/way/1135360066",
        "coordinate_system_verified": false,
        "source_date": null,
        "osm_tags": {
          "building": "residential",
          "name": "68#",
          "name:en": "68#",
          "name:zh": "68#",
          "operator": "中国科学技术大学",
          "smoking": "no",
          "wheelchair": "yes"
        },
        "simplification_note": "Topology-preserving 0.5 m tolerance; area change <= 2%; flat roof extrusion",
        "footprint_area_m2": 244.07948241182,
        "outside_fraction": 0.0
      }
    },
    {
      "type": "Feature",
      "geometry": {
        "type": "Polygon",
        "coordinates": [
          [
            [
              117.26591280000001,
              31.838511699999998
            ],
            [
              117.26630570000002,
              31.838538499999995
            ],
            [
              117.2663203,
              31.838402499999997
            ],
            [
              117.2659298,
              31.838373600000008
            ],
            [
              117.26591280000001,
              31.838511699999998
            ]
          ]
        ]
      },
      "properties": {
        "building_id": "way/1135360067",
        "name": "69#",
        "height_m": 12.0,
        "height_source": "assumed default scenario, no measured height",
        "height_uncertainty_m": 6.0,
        "footprint_source": "https://www.openstreetmap.org/way/1135360067",
        "coordinate_system_verified": false,
        "source_date": null,
        "osm_tags": {
          "building": "residential",
          "name": "69#",
          "name:en": "69#",
          "name:zh": "69#",
          "operator": "中国科学技术大学",
          "smoking": "no",
          "wheelchair": "yes"
        },
        "simplification_note": "Topology-preserving 0.5 m tolerance; area change <= 2%; flat roof extrusion",
        "footprint_area_m2": 567.6301287118124,
        "outside_fraction": 0.0
      }
    },
    {
      "type": "Feature",
      "geometry": {
        "type": "Polygon",
        "coordinates": [
          [
            [
              117.2605061,
              31.8379661
            ],
            [
              117.2605653,
              31.837974200000012
            ],
            [
              117.26057290000001,
              31.8379223
            ],
            [
              117.26077540000001,
              31.837935299999994
            ],
            [
              117.260762,
              31.8380635
            ],
            [
              117.2608575,
              31.838073200000007
            ],
            [
              117.26088420000002,
              31.837781199999984
            ],
            [
              117.2604908,
              31.837761700000005
            ],
            [
              117.26047750000001,
              31.8378931
            ],
            [
              117.2605061,
              31.837897999999996
            ],
            [
              117.2605061,
              31.8379661
            ]
          ]
        ]
      },
      "properties": {
        "building_id": "way/1135360068",
        "name": "体育教学部",
        "height_m": 12.0,
        "height_source": "assumed default scenario, no measured height",
        "height_uncertainty_m": 6.0,
        "footprint_source": "https://www.openstreetmap.org/way/1135360068",
        "coordinate_system_verified": false,
        "source_date": null,
        "osm_tags": {
          "building": "university",
          "name": "体育教学部",
          "name:zh": "体育教学部",
          "name:zh-Hans": "体育教学部",
          "name:zh-Hant": "體育教學部",
          "operator": "中国科学技术大学",
          "smoking": "no",
          "wheelchair": "yes"
        },
        "simplification_note": "Topology-preserving 0.5 m tolerance; area change <= 2%; flat roof extrusion",
        "footprint_area_m2": 810.0158564380663,
        "outside_fraction": 0.0
      }
    },
    {
      "type": "Feature",
      "geometry": {
        "type": "Polygon",
        "coordinates": [
          [
            [
              117.26654280000001,
              31.84035560000001
            ],
            [
              117.2667635,
              31.840376200000012
            ],
            [
              117.26677320000002,
              31.840252600000007
            ],
            [
              117.2665549,
              31.8402402
            ],
            [
              117.26654280000001,
              31.84035560000001
            ]
          ]
        ]
      },
      "properties": {
        "building_id": "way/1135360069",
        "name": "48#",
        "height_m": 12.0,
        "height_source": "assumed default scenario, no measured height",
        "height_uncertainty_m": 6.0,
        "footprint_source": "https://www.openstreetmap.org/way/1135360069",
        "coordinate_system_verified": false,
        "source_date": null,
        "osm_tags": {
          "building": "residential",
          "name": "48#",
          "operator": "中国科学技术大学",
          "smoking": "no",
          "wheelchair": "yes"
        },
        "simplification_note": "Topology-preserving 0.5 m tolerance; area change <= 2%; flat roof extrusion",
        "footprint_area_m2": 276.98037895180056,
        "outside_fraction": 0.0
      }
    },
    {
      "type": "Feature",
      "geometry": {
        "type": "Polygon",
        "coordinates": [
          [
            [
              117.26657189999999,
              31.840108299999997
            ],
            [
              117.2670085,
              31.8401351
            ],
            [
              117.267023,
              31.840036200000014
            ],
            [
              117.26657429999999,
              31.840005300000012
            ],
            [
              117.26657189999999,
              31.840108299999997
            ]
          ]
        ]
      },
      "properties": {
        "building_id": "way/1135360070",
        "name": "49#",
        "height_m": 12.0,
        "height_source": "assumed default scenario, no measured height",
        "height_uncertainty_m": 6.0,
        "footprint_source": "https://www.openstreetmap.org/way/1135360070",
        "coordinate_system_verified": false,
        "source_date": null,
        "osm_tags": {
          "building": "residential",
          "name": "49#",
          "name:en": "49#",
          "name:zh": "49#",
          "operator": "中国科学技术大学",
          "smoking": "no",
          "wheelchair": "yes"
        },
        "simplification_note": "Topology-preserving 0.5 m tolerance; area change <= 2%; flat roof extrusion",
        "footprint_area_m2": 471.2047453017539,
        "outside_fraction": 0.0
      }
    },
    {
      "type": "Feature",
      "geometry": {
        "type": "Polygon",
        "coordinates": [
          [
            [
              117.26712489999998,
              31.8401475
            ],
            [
              117.2675518,
              31.840172199999994
            ],
            [
              117.2675615,
              31.840048599999996
            ],
            [
              117.2671322,
              31.84003420000001
            ],
            [
              117.26712489999998,
              31.8401475
            ]
          ]
        ]
      },
      "properties": {
        "building_id": "way/1135360071",
        "name": "50#",
        "height_m": 12.0,
        "height_source": "assumed default scenario, no measured height",
        "height_uncertainty_m": 6.0,
        "footprint_source": "https://www.openstreetmap.org/way/1135360071",
        "coordinate_system_verified": false,
        "source_date": null,
        "osm_tags": {
          "building": "residential",
          "name": "50#",
          "name:en": "50#",
          "name:zh": "50#",
          "operator": "中国科学技术大学",
          "smoking": "no",
          "wheelchair": "yes"
        },
        "simplification_note": "Topology-preserving 0.5 m tolerance; area change <= 2%; flat roof extrusion",
        "footprint_area_m2": 533.5573578860805,
        "outside_fraction": 0.0
      }
    },
    {
      "type": "Feature",
      "geometry": {
        "type": "Polygon",
        "coordinates": [
          [
            [
              117.26660100000001,
              31.8399043
            ],
            [
              117.2672607,
              31.839949700000005
            ],
            [
              117.26727279999999,
              31.839834300000003
            ],
            [
              117.2666131,
              31.839788999999996
            ],
            [
              117.26660100000001,
              31.8399043
            ]
          ]
        ]
      },
      "properties": {
        "building_id": "way/1135360072",
        "name": "53#",
        "height_m": 12.0,
        "height_source": "assumed default scenario, no measured height",
        "height_uncertainty_m": 6.0,
        "footprint_source": "https://www.openstreetmap.org/way/1135360072",
        "coordinate_system_verified": false,
        "source_date": null,
        "osm_tags": {
          "building": "residential",
          "name": "53#",
          "name:en": "53#",
          "name:zh": "53#",
          "operator": "中国科学技术大学",
          "smoking": "no",
          "wheelchair": "yes"
        },
        "simplification_note": "Topology-preserving 0.5 m tolerance; area change <= 2%; flat roof extrusion",
        "footprint_area_m2": 803.8324813953506,
        "outside_fraction": 0.0
      }
    },
    {
      "type": "Feature",
      "geometry": {
        "type": "Polygon",
        "coordinates": [
          [
            [
              117.2673002,
              31.839911599999997
            ],
            [
              117.267551,
              31.8399301
            ],
            [
              117.26755500000002,
              31.839820999999997
            ],
            [
              117.2673002,
              31.839800899999997
            ],
            [
              117.2673002,
              31.839911599999997
            ]
          ]
        ]
      },
      "properties": {
        "building_id": "way/1135360073",
        "name": "51#",
        "height_m": 12.0,
        "height_source": "assumed default scenario, no measured height",
        "height_uncertainty_m": 6.0,
        "footprint_source": "https://www.openstreetmap.org/way/1135360073",
        "coordinate_system_verified": false,
        "source_date": null,
        "osm_tags": {
          "building": "residential",
          "name": "51#",
          "name:en": "51#",
          "name:zh": "51#",
          "operator": "中国科学技术大学",
          "smoking": "no",
          "wheelchair": "yes"
        },
        "simplification_note": "Topology-preserving 0.5 m tolerance; area change <= 2%; flat roof extrusion",
        "footprint_area_m2": 291.78217162461146,
        "outside_fraction": 0.0
      }
    },
    {
      "type": "Feature",
      "geometry": {
        "type": "Polygon",
        "coordinates": [
          [
            [
              117.2659291,
              31.838244
            ],
            [
              117.26645619999998,
              31.83827699999999
            ],
            [
              117.2664718,
              31.838156800000004
            ],
            [
              117.2659462,
              31.838118499999993
            ],
            [
              117.2659291,
              31.838244
            ]
          ]
        ]
      },
      "properties": {
        "building_id": "way/1135360074",
        "name": "71#",
        "height_m": 12.0,
        "height_source": "assumed default scenario, no measured height",
        "height_uncertainty_m": 6.0,
        "footprint_source": "https://www.openstreetmap.org/way/1135360074",
        "coordinate_system_verified": false,
        "source_date": null,
        "osm_tags": {
          "building": "residential",
          "name": "71#",
          "name:en": "71#",
          "name:zh": "71#",
          "operator": "中国科学技术大学",
          "smoking": "no",
          "wheelchair": "yes"
        },
        "simplification_note": "Topology-preserving 0.5 m tolerance; area change <= 2%; flat roof extrusion",
        "footprint_area_m2": 684.2829673991472,
        "outside_fraction": 0.0
      }
    },
    {
      "type": "Feature",
      "geometry": {
        "type": "Polygon",
        "coordinates": [
          [
            [
              117.26593850000002,
              31.8379825
            ],
            [
              117.26646560000002,
              31.838004899999994
            ],
            [
              117.266478,
              31.8379072
            ],
            [
              117.2659462,
              31.837882099999998
            ],
            [
              117.26593850000002,
              31.8379825
            ]
          ]
        ]
      },
      "properties": {
        "building_id": "way/1135360075",
        "name": "72#",
        "height_m": 12.0,
        "height_source": "assumed default scenario, no measured height",
        "height_uncertainty_m": 6.0,
        "footprint_source": "https://www.openstreetmap.org/way/1135360075",
        "coordinate_system_verified": false,
        "source_date": null,
        "osm_tags": {
          "building": "residential",
          "name": "72#",
          "name:en": "72#",
          "name:zh": "72#",
          "operator": "中国科学技术大学",
          "smoking": "no",
          "wheelchair": "yes"
        },
        "simplification_note": "Topology-preserving 0.5 m tolerance; area change <= 2%; flat roof extrusion",
        "footprint_area_m2": 552.511641486883,
        "outside_fraction": 0.0
      }
    },
    {
      "type": "Feature",
      "geometry": {
        "type": "Polygon",
        "coordinates": [
          [
            [
              117.2659167,
              31.837711699999996
            ],
            [
              117.2664578,
              31.837748599999998
            ],
            [
              117.2664671,
              31.837650899999993
            ],
            [
              117.26592449999998,
              31.83761519999999
            ],
            [
              117.2659167,
              31.837711699999996
            ]
          ]
        ]
      },
      "properties": {
        "building_id": "way/1135360076",
        "name": "73#",
        "height_m": 12.0,
        "height_source": "assumed default scenario, no measured height",
        "height_uncertainty_m": 6.0,
        "footprint_source": "https://www.openstreetmap.org/way/1135360076",
        "coordinate_system_verified": false,
        "source_date": null,
        "osm_tags": {
          "building": "residential",
          "name": "73#",
          "name:en": "73#",
          "name:zh": "73#",
          "operator": "中国科学技术大学",
          "smoking": "no",
          "wheelchair": "yes"
        },
        "simplification_note": "Topology-preserving 0.5 m tolerance; area change <= 2%; flat roof extrusion",
        "footprint_area_m2": 555.0648174394179,
        "outside_fraction": 0.0
      }
    },
    {
      "type": "Feature",
      "geometry": {
        "type": "Polygon",
        "coordinates": [
          [
            [
              117.2659167,
              31.8374567
            ],
            [
              117.26643140000002,
              31.837481800000013
            ],
            [
              117.26644379999999,
              31.8373682
            ],
            [
              117.2659276,
              31.83734309999999
            ],
            [
              117.2659167,
              31.8374567
            ]
          ]
        ]
      },
      "properties": {
        "building_id": "way/1135360077",
        "name": "74#",
        "height_m": 12.0,
        "height_source": "assumed default scenario, no measured height",
        "height_uncertainty_m": 6.0,
        "footprint_source": "https://www.openstreetmap.org/way/1135360077",
        "coordinate_system_verified": false,
        "source_date": null,
        "osm_tags": {
          "building": "residential",
          "name": "74#",
          "name:en": "74#",
          "name:zh": "74#",
          "operator": "中国科学技术大学",
          "smoking": "no",
          "wheelchair": "yes"
        },
        "simplification_note": "Topology-preserving 0.5 m tolerance; area change <= 2%; flat roof extrusion",
        "footprint_area_m2": 617.1923839141058,
        "outside_fraction": 0.0
      }
    },
    {
      "type": "Feature",
      "geometry": {
        "type": "Polygon",
        "coordinates": [
          [
            [
              117.26588870000002,
              31.837191199999992
            ],
            [
              117.26645160000001,
              31.8372203
            ],
            [
              117.2664671,
              31.837076300000007
            ],
            [
              117.26589959999998,
              31.8370485
            ],
            [
              117.26588870000002,
              31.837191199999992
            ]
          ]
        ]
      },
      "properties": {
        "building_id": "way/1135360078",
        "name": "75#",
        "height_m": 12.0,
        "height_source": "assumed default scenario, no measured height",
        "height_uncertainty_m": 6.0,
        "footprint_source": "https://www.openstreetmap.org/way/1135360078",
        "coordinate_system_verified": false,
        "source_date": null,
        "osm_tags": {
          "building": "residential",
          "name": "75#",
          "name:en": "75#",
          "name:zh": "75#",
          "operator": "中国科学技术大学",
          "smoking": "no",
          "wheelchair": "yes"
        },
        "simplification_note": "Topology-preserving 0.5 m tolerance; area change <= 2%; flat roof extrusion",
        "footprint_area_m2": 853.6930464175986,
        "outside_fraction": 0.0
      }
    },
    {
      "type": "Feature",
      "geometry": {
        "type": "Polygon",
        "coordinates": [
          [
            [
              117.26655890000002,
              31.837773699999993
            ],
            [
              117.26669880000001,
              31.837779
            ],
            [
              117.26670810000002,
              31.8376615
            ],
            [
              117.26656970000002,
              31.837656199999994
            ],
            [
              117.26655890000002,
              31.837773699999993
            ]
          ]
        ]
      },
      "properties": {
        "building_id": "way/1135360079",
        "name": "77#",
        "height_m": 12.0,
        "height_source": "assumed default scenario, no measured height",
        "height_uncertainty_m": 6.0,
        "footprint_source": "https://www.openstreetmap.org/way/1135360079",
        "coordinate_system_verified": false,
        "source_date": null,
        "osm_tags": {
          "building": "residential",
          "name": "77#",
          "name:en": "77#",
          "name:zh": "77#",
          "operator": "中国科学技术大学",
          "smoking": "no",
          "wheelchair": "yes"
        },
        "simplification_note": "Topology-preserving 0.5 m tolerance; area change <= 2%; flat roof extrusion",
        "footprint_area_m2": 172.03805073737536,
        "outside_fraction": 0.0
      }
    },
    {
      "type": "Feature",
      "geometry": {
        "type": "Polygon",
        "coordinates": [
          [
            [
              117.26656389999998,
              31.837995300000003
            ],
            [
              117.2667193,
              31.838006699999998
            ],
            [
              117.2667328,
              31.837881899999996
            ],
            [
              117.26657730000001,
              31.837867399999997
            ],
            [
              117.26656389999998,
              31.837995300000003
            ]
          ]
        ]
      },
      "properties": {
        "building_id": "way/1135360080",
        "name": "76#",
        "height_m": 12.0,
        "height_source": "assumed default scenario, no measured height",
        "height_uncertainty_m": 6.0,
        "footprint_source": "https://www.openstreetmap.org/way/1135360080",
        "coordinate_system_verified": false,
        "source_date": null,
        "osm_tags": {
          "building": "residential",
          "name": "76#",
          "name:en": "76#",
          "name:zh": "76#",
          "operator": "中国科学技术大学",
          "smoking": "no",
          "wheelchair": "yes"
        },
        "simplification_note": "Topology-preserving 0.5 m tolerance; area change <= 2%; flat roof extrusion",
        "footprint_area_m2": 207.82137274986297,
        "outside_fraction": 0.0
      }
    },
    {
      "type": "Feature",
      "geometry": {
        "type": "Polygon",
        "coordinates": [
          [
            [
              117.2667965,
              31.8376687
            ],
            [
              117.26742450000002,
              31.837715499999998
            ],
            [
              117.26743180000001,
              31.83757820000001
            ],
            [
              117.2668099,
              31.8375387
            ],
            [
              117.2667965,
              31.8376687
            ]
          ]
        ]
      },
      "properties": {
        "building_id": "way/1135360081",
        "name": "80#",
        "height_m": 12.0,
        "height_source": "assumed default scenario, no measured height",
        "height_uncertainty_m": 6.0,
        "footprint_source": "https://www.openstreetmap.org/way/1135360081",
        "coordinate_system_verified": false,
        "source_date": null,
        "osm_tags": {
          "building": "residential",
          "name": "80#",
          "name:en": "80#",
          "name:zh": "80#",
          "operator": "中国科学技术大学",
          "smoking": "no",
          "wheelchair": "yes"
        },
        "simplification_note": "Topology-preserving 0.5 m tolerance; area change <= 2%; flat roof extrusion",
        "footprint_area_m2": 880.6869960540445,
        "outside_fraction": 0.0
      }
    },
    {
      "type": "Feature",
      "geometry": {
        "type": "Polygon",
        "coordinates": [
          [
            [
              117.26677929999998,
              31.8379682
            ],
            [
              117.2674122,
              31.838018199999993
            ],
            [
              117.26742450000002,
              31.8378913
            ],
            [
              117.26679030000001,
              31.8378403
            ],
            [
              117.26677929999998,
              31.8379682
            ]
          ]
        ]
      },
      "properties": {
        "building_id": "way/1135360082",
        "name": "79#",
        "height_m": 12.0,
        "height_source": "assumed default scenario, no measured height",
        "height_uncertainty_m": 6.0,
        "footprint_source": "https://www.openstreetmap.org/way/1135360082",
        "coordinate_system_verified": false,
        "source_date": null,
        "osm_tags": {
          "building": "residential",
          "name": "79#",
          "name:en": "79#",
          "name:zh": "79#",
          "operator": "中国科学技术大学",
          "smoking": "no",
          "wheelchair": "yes"
        },
        "simplification_note": "Topology-preserving 0.5 m tolerance; area change <= 2%; flat roof extrusion",
        "footprint_area_m2": 852.6962444961298,
        "outside_fraction": 0.0
      }
    },
    {
      "type": "Feature",
      "geometry": {
        "type": "Polygon",
        "coordinates": [
          [
            [
              117.2668091,
              31.838279799999988
            ],
            [
              117.26739849999998,
              31.8383366
            ],
            [
              117.2674218,
              31.838168800000002
            ],
            [
              117.26682629999999,
              31.838113299999993
            ],
            [
              117.2668091,
              31.838279799999988
            ]
          ]
        ]
      },
      "properties": {
        "building_id": "way/1135360083",
        "name": "78#",
        "height_m": 12.0,
        "height_source": "assumed default scenario, no measured height",
        "height_uncertainty_m": 6.0,
        "footprint_source": "https://www.openstreetmap.org/way/1135360083",
        "coordinate_system_verified": false,
        "source_date": null,
        "osm_tags": {
          "building": "residential",
          "name": "78#",
          "name:en": "78#",
          "name:zh": "78#",
          "operator": "中国科学技术大学",
          "smoking": "no",
          "wheelchair": "yes"
        },
        "simplification_note": "Topology-preserving 0.5 m tolerance; area change <= 2%; flat roof extrusion",
        "footprint_area_m2": 1050.5211606259438,
        "outside_fraction": 0.0
      }
    },
    {
      "type": "Feature",
      "geometry": {
        "type": "Polygon",
        "coordinates": [
          [
            [
              117.26657279999999,
              31.838282400000004
            ],
            [
              117.2667625,
              31.838296899999996
            ],
            [
              117.26677649999999,
              31.838171399999997
            ],
            [
              117.2665915,
              31.8381556
            ],
            [
              117.26657279999999,
              31.838282400000004
            ]
          ]
        ]
      },
      "properties": {
        "building_id": "way/1135360084",
        "name": "62#",
        "height_m": 12.0,
        "height_source": "assumed default scenario, no measured height",
        "height_uncertainty_m": 6.0,
        "footprint_source": "https://www.openstreetmap.org/way/1135360084",
        "coordinate_system_verified": false,
        "source_date": null,
        "osm_tags": {
          "building": "residential",
          "name": "62#",
          "name:en": "62#",
          "name:zh": "62#",
          "operator": "中国科学技术大学",
          "smoking": "no",
          "wheelchair": "yes"
        },
        "simplification_note": "Topology-preserving 0.5 m tolerance; area change <= 2%; flat roof extrusion",
        "footprint_area_m2": 250.47104271411652,
        "outside_fraction": 0.0
      }
    },
    {
      "type": "Feature",
      "geometry": {
        "type": "Polygon",
        "coordinates": [
          [
            [
              117.2665681,
              31.839105299999996
            ],
            [
              117.2669646,
              31.839135699999996
            ],
            [
              117.26698019999999,
              31.839003599999995
            ],
            [
              117.2665868,
              31.838973300000003
            ],
            [
              117.2665681,
              31.839105299999996
            ]
          ]
        ]
      },
      "properties": {
        "building_id": "way/1135360085",
        "name": "59#",
        "height_m": 12.0,
        "height_source": "assumed default scenario, no measured height",
        "height_uncertainty_m": 6.0,
        "footprint_source": "https://www.openstreetmap.org/way/1135360085",
        "coordinate_system_verified": false,
        "source_date": null,
        "osm_tags": {
          "building": "residential",
          "name": "59#",
          "name:en": "59#",
          "name:zh": "59#",
          "operator": "中国科学技术大学",
          "smoking": "no",
          "wheelchair": "yes"
        },
        "simplification_note": "Topology-preserving 0.5 m tolerance; area change <= 2%; flat roof extrusion",
        "footprint_area_m2": 552.4311502868204,
        "outside_fraction": 0.0
      }
    },
    {
      "type": "Feature",
      "geometry": {
        "type": "Polygon",
        "coordinates": [
          [
            [
              117.2665759,
              31.838842500000002
            ],
            [
              117.2670704,
              31.83889
            ],
            [
              117.2670875,
              31.838764499999993
            ],
            [
              117.26658839999999,
              31.838720999999996
            ],
            [
              117.2665759,
              31.838842500000002
            ]
          ]
        ]
      },
      "properties": {
        "building_id": "way/1135360086",
        "name": "60#",
        "height_m": 12.0,
        "height_source": "assumed default scenario, no measured height",
        "height_uncertainty_m": 6.0,
        "footprint_source": "https://www.openstreetmap.org/way/1135360086",
        "coordinate_system_verified": false,
        "source_date": null,
        "osm_tags": {
          "building": "residential",
          "name": "60#",
          "name:en": "60#",
          "name:zh": "60#",
          "operator": "中国科学技术大学",
          "smoking": "no",
          "wheelchair": "yes"
        },
        "simplification_note": "Topology-preserving 0.5 m tolerance; area change <= 2%; flat roof extrusion",
        "footprint_area_m2": 650.5415824851218,
        "outside_fraction": 0.0
      }
    },
    {
      "type": "Feature",
      "geometry": {
        "type": "Polygon",
        "coordinates": [
          [
            [
              117.266579,
              31.838580899999993
            ],
            [
              117.26694600000002,
              31.838604699999998
            ],
            [
              117.2669615,
              31.8384871
            ],
            [
              117.26658839999999,
              31.838464700000003
            ],
            [
              117.266579,
              31.838580899999993
            ]
          ]
        ]
      },
      "properties": {
        "building_id": "way/1135360087",
        "name": "61#",
        "height_m": 12.0,
        "height_source": "assumed default scenario, no measured height",
        "height_uncertainty_m": 6.0,
        "footprint_source": "https://www.openstreetmap.org/way/1135360087",
        "coordinate_system_verified": false,
        "source_date": null,
        "osm_tags": {
          "building": "residential",
          "name": "61#",
          "name:en": "61#",
          "name:zh": "61#",
          "operator": "中国科学技术大学",
          "smoking": "no",
          "wheelchair": "yes"
        },
        "simplification_note": "Topology-preserving 0.5 m tolerance; area change <= 2%; flat roof extrusion",
        "footprint_area_m2": 456.7092231885307,
        "outside_fraction": 0.0
      }
    },
    {
      "type": "Feature",
      "geometry": {
        "type": "Polygon",
        "coordinates": [
          [
            [
              117.2672312,
              31.838679499999998
            ],
            [
              117.2674501,
              31.838684000000004
            ],
            [
              117.2674499,
              31.838714400000004
            ],
            [
              117.26764350000002,
              31.838717300000003
            ],
            [
              117.2676386,
              31.8385717
            ],
            [
              117.26746110000002,
              31.838567
            ],
            [
              117.26745750000002,
              31.8385966
            ],
            [
              117.2672334,
              31.838590399999994
            ],
            [
              117.2672312,
              31.838679499999998
            ]
          ]
        ]
      },
      "properties": {
        "building_id": "way/1135360088",
        "name": "65#",
        "height_m": 12.0,
        "height_source": "assumed default scenario, no measured height",
        "height_uncertainty_m": 6.0,
        "footprint_source": "https://www.openstreetmap.org/way/1135360088",
        "coordinate_system_verified": false,
        "source_date": null,
        "osm_tags": {
          "building": "residential",
          "name": "65#",
          "name:en": "65#",
          "name:zh": "65#",
          "operator": "中国科学技术大学",
          "smoking": "no",
          "wheelchair": "yes"
        },
        "simplification_note": "Topology-preserving 0.5 m tolerance; area change <= 2%; flat roof extrusion",
        "footprint_area_m2": 492.6292450441726,
        "outside_fraction": 0.0
      }
    },
    {
      "type": "Feature",
      "geometry": {
        "type": "Polygon",
        "coordinates": [
          [
            [
              117.2671882,
              31.8389053
            ],
            [
              117.2674253,
              31.8389135
            ],
            [
              117.2674244,
              31.8389512
            ],
            [
              117.2676113,
              31.838957699999998
            ],
            [
              117.26761620000002,
              31.838813599999998
            ],
            [
              117.26742820000001,
              31.838808699999994
            ],
            [
              117.2674244,
              31.838830800000004
            ],
            [
              117.2671892,
              31.83882429999999
            ],
            [
              117.2671882,
              31.8389053
            ]
          ]
        ]
      },
      "properties": {
        "building_id": "way/1135360089",
        "name": "64#",
        "height_m": 12.0,
        "height_source": "assumed default scenario, no measured height",
        "height_uncertainty_m": 6.0,
        "footprint_source": "https://www.openstreetmap.org/way/1135360089",
        "coordinate_system_verified": false,
        "source_date": null,
        "osm_tags": {
          "building": "residential",
          "name": "64#",
          "name:en": "64#",
          "name:zh": "64#",
          "operator": "中国科学技术大学",
          "smoking": "no",
          "wheelchair": "yes"
        },
        "simplification_note": "Topology-preserving 0.5 m tolerance; area change <= 2%; flat roof extrusion",
        "footprint_area_m2": 486.53253541136,
        "outside_fraction": 0.0
      }
    },
    {
      "type": "Feature",
      "geometry": {
        "type": "Polygon",
        "coordinates": [
          [
            [
              117.2673034,
              31.8396787
            ],
            [
              117.2675424,
              31.839691000000002
            ],
            [
              117.26754430000001,
              31.839578000000003
            ],
            [
              117.2674196,
              31.839572799999992
            ],
            [
              117.2673092,
              31.83956819999999
            ],
            [
              117.2673034,
              31.8396787
            ]
          ]
        ]
      },
      "properties": {
        "building_id": "way/1135360090",
        "name": "52#",
        "height_m": 12.0,
        "height_source": "assumed default scenario, no measured height",
        "height_uncertainty_m": 6.0,
        "footprint_source": "https://www.openstreetmap.org/way/1135360090",
        "coordinate_system_verified": false,
        "source_date": null,
        "osm_tags": {
          "building": "residential",
          "name": "52#",
          "name:en": "52#",
          "name:zh": "52#",
          "operator": "中国科学技术大学",
          "smoking": "no",
          "wheelchair": "yes"
        },
        "simplification_note": "Topology-preserving 0.5 m tolerance; area change <= 2%; flat roof extrusion",
        "footprint_area_m2": 278.2725629104517,
        "outside_fraction": 0.0
      }
    },
    {
      "type": "Feature",
      "geometry": {
        "type": "Polygon",
        "coordinates": [
          [
            [
              117.26713470000001,
              31.83950919999999
            ],
            [
              117.26734770000002,
              31.839514999999995
            ],
            [
              117.2673516,
              31.839463400000003
            ],
            [
              117.267552,
              31.839470800000008
            ],
            [
              117.2675549,
              31.839364300000007
            ],
            [
              117.26732070000001,
              31.8393561
            ],
            [
              117.26731779999999,
              31.839407699999985
            ],
            [
              117.2671376,
              31.839397899999998
            ],
            [
              117.26713470000001,
              31.83950919999999
            ]
          ]
        ]
      },
      "properties": {
        "building_id": "way/1135360091",
        "name": "57#",
        "height_m": 12.0,
        "height_source": "assumed default scenario, no measured height",
        "height_uncertainty_m": 6.0,
        "footprint_source": "https://www.openstreetmap.org/way/1135360091",
        "coordinate_system_verified": false,
        "source_date": null,
        "osm_tags": {
          "building": "residential",
          "name": "57#",
          "name:en": "57#",
          "name:zh": "57#",
          "operator": "中国科学技术大学",
          "smoking": "no",
          "wheelchair": "yes"
        },
        "simplification_note": "Topology-preserving 0.5 m tolerance; area change <= 2%; flat roof extrusion",
        "footprint_area_m2": 487.017367996683,
        "outside_fraction": 0.0
      }
    },
    {
      "type": "Feature",
      "geometry": {
        "type": "Polygon",
        "coordinates": [
          [
            [
              117.2671694,
              31.839212
            ],
            [
              117.2673764,
              31.839221799999994
            ],
            [
              117.26738680000001,
              31.839095599999986
            ],
            [
              117.2671829,
              31.8390818
            ],
            [
              117.2671694,
              31.839212
            ]
          ]
        ]
      },
      "properties": {
        "building_id": "way/1135360092",
        "name": "58#",
        "height_m": 12.0,
        "height_source": "assumed default scenario, no measured height",
        "height_uncertainty_m": 6.0,
        "footprint_source": "https://www.openstreetmap.org/way/1135360092",
        "coordinate_system_verified": false,
        "source_date": null,
        "osm_tags": {
          "building": "residential",
          "name": "58#",
          "name:en": "58#",
          "name:zh": "58#",
          "operator": "中国科学技术大学",
          "smoking": "no",
          "wheelchair": "yes"
        },
        "simplification_note": "Topology-preserving 0.5 m tolerance; area change <= 2%; flat roof extrusion",
        "footprint_area_m2": 277.7137435664428,
        "outside_fraction": 0.0
      }
    },
    {
      "type": "Feature",
      "geometry": {
        "type": "Polygon",
        "coordinates": [
          [
            [
              117.26741040000002,
              31.8391776
            ],
            [
              117.2676041,
              31.839184999999993
            ],
            [
              117.26761180000001,
              31.8390614
            ],
            [
              117.2674171,
              31.839052800000005
            ],
            [
              117.26741040000002,
              31.8391776
            ]
          ]
        ]
      },
      "properties": {
        "building_id": "way/1135360093",
        "name": "63#",
        "height_m": 12.0,
        "height_source": "assumed default scenario, no measured height",
        "height_uncertainty_m": 6.0,
        "footprint_source": "https://www.openstreetmap.org/way/1135360093",
        "coordinate_system_verified": false,
        "source_date": null,
        "osm_tags": {
          "building": "residential",
          "name": "63#",
          "name:en": "63#",
          "name:zh": "63#",
          "operator": "中国科学技术大学",
          "smoking": "no",
          "wheelchair": "yes"
        },
        "simplification_note": "Topology-preserving 0.5 m tolerance; area change <= 2%; flat roof extrusion",
        "footprint_area_m2": 253.56610462425286,
        "outside_fraction": 0.0
      }
    },
    {
      "type": "Feature",
      "geometry": {
        "type": "Polygon",
        "coordinates": [
          [
            [
              117.2638301,
              31.835111100000002
            ],
            [
              117.2645113,
              31.83515940000001
            ],
            [
              117.26451679999998,
              31.83509269999999
            ],
            [
              117.2644893,
              31.835091099999985
            ],
            [
              117.264494,
              31.835033600000003
            ],
            [
              117.2639054,
              31.83498459999999
            ],
            [
              117.2639005,
              31.835045100000002
            ],
            [
              117.2638358,
              31.8350413
            ],
            [
              117.2638301,
              31.835111100000002
            ]
          ]
        ]
      },
      "properties": {
        "building_id": "way/1135725449",
        "name": "天文学系天文台",
        "height_m": 12.0,
        "height_source": "assumed default scenario, no measured height",
        "height_uncertainty_m": 6.0,
        "footprint_source": "https://www.openstreetmap.org/way/1135725449",
        "coordinate_system_verified": false,
        "source_date": null,
        "osm_tags": {
          "access": "private",
          "building": "yes",
          "man_made": "observatory",
          "name": "天文学系天文台",
          "name:zh": "天文学系天文台",
          "name:zh-Hans": "天文学系天文台",
          "name:zh-Hant": "天文學系天文台",
          "operator": "中国科学技术大学"
        },
        "simplification_note": "Topology-preserving 0.5 m tolerance; area change <= 2%; flat roof extrusion",
        "footprint_area_m2": 859.3340885762694,
        "outside_fraction": 0.0
      }
    },
    {
      "type": "Feature",
      "geometry": {
        "type": "Polygon",
        "coordinates": [
          [
            [
              117.26205380000002,
              31.8396703
            ],
            [
              117.26205829999999,
              31.839625000000005
            ],
            [
              117.2619564,
              31.839617600000004
            ],
            [
              117.2619611,
              31.839570500000004
            ],
            [
              117.26208959999998,
              31.839579799999996
            ],
            [
              117.2620804,
              31.83967219999999
            ],
            [
              117.26205380000002,
              31.8396703
            ]
          ]
        ]
      },
      "properties": {
        "building_id": "way/1135842417",
        "name": "Cu放射源",
        "height_m": 12.0,
        "height_source": "assumed default scenario, no measured height",
        "height_uncertainty_m": 6.0,
        "footprint_source": "https://www.openstreetmap.org/way/1135842417",
        "coordinate_system_verified": false,
        "source_date": null,
        "osm_tags": {
          "building": "university",
          "name": "Cu放射源",
          "name:zh": "Cu放射源",
          "name:zh-Hans": "Cu放射源",
          "name:zh-Hant": "Cu放射源",
          "operator": "中国科学技术大学",
          "smoking": "no",
          "wheelchair": "yes"
        },
        "simplification_note": "Topology-preserving 0.5 m tolerance; area change <= 2%; flat roof extrusion",
        "footprint_area_m2": 76.68305132730934,
        "outside_fraction": 0.0
      }
    }
  ]
}
